,achievement_count,athlete_count,athlete_id,average_cadence,average_heartrate,average_speed,comment_count,commute,display_hide_heartrate_option,distance,elapsed_time,elev_high,elev_low,end_lat,end_lng,external_id,flagged,from_accepted_tag,gear_id,has_heartrate,has_kudoed,heartrate_opt_out,id,kudos_count,location_city,location_country,location_state,manual,map_id,map_polyline,max_heartrate,max_speed,moving_time,name,photo_count,pr_count,private,resource_state,start_date,start_date_local,start_lat,start_latitude,start_lng,start_longitude,timezone,total_elevation_gain,total_photo_count,trainer,type,upload_id,upload_id_str,utc_offset,visibility,workout_type
49,1.0,2.0,23312763.0,87.2,163.4,2.989,0.0,0.0,1.0,5006.2,1722.0,11.9,6.8,52.2,0.13,garmin_push_4682490170,0.0,0.0,g6474974,1.0,0.0,0.0,3205686454.0,8.0,,,,0.0,a3205686454,qcp}HocSc@Qc@[_@e@i@Nk@@e@GiByAqASe@S]_@e@K_@i@a@]]g@O]Uy@g@kA]k@q@{Ac@_@Ym@qBcJW]a@}DO{@Qm@Mw@NkCdA}L?YIeA?[PeAT}@B_@G_AQa@lCwe@a@i@e@a@c@i@]qAe@GkA]c@AMB_@E|@uI?BAAANGDQWo@s@mA@_ATUIw@sC,179.0,5.9,1675.0,Corona Run I: Simple 5km,0.0,1.0,0.0,2.0,2020-03-21T17:19:50Z,2020-03-21T17:19:50Z,52.19,52.19,0.1,0.1,(GMT+00:00) Europe/London,4.9,0.0,0.0,Run,3427188275.0,3427188275,0.0,everyone,0
48,3.0,2.0,23312763.0,86.6,166.7,3.062,0.0,0.0,1.0,6105.0,2193.0,11.9,6.9,52.2,0.13,garmin_push_4690155601,0.0,0.0,g6474974,1.0,0.0,0.0,3212164061.0,6.0,,,,0.0,a3212164061,ysq}HaqWCf@NhAPv@x@Oh@Hf@EXOt@WNEZl@J|@RpC@|@F|@P|@G|@F`@^PhA[`@Y`@_@LGLBBz@Db@^tBLz@@t@Ch@Up@AZGZq@nBML]`BMZINSn@Ej@UpAHhAC~@IXIx@IV]`@e@`@a@f@Wv@c@zAO\G|@@fASjAIz@ShA_@hAEj@iA`GAjBQf@I|@Bp@FXb@Rb@Lh@BjALzA@nBe@f@U`@If@?TRp@vCd@bGRx@~@rCb@`CPv@`@hAdAhEzBzDn@`ARTd@Z^^`@TtA`@`BTd@V|@t@^f@`@b@TL`@`@lArAbCxBl@d@z@h@b@Nj@LpA`@fAp@b@RGgA[gAWm@{@eAS_@]c@k@]w@C[Ek@So@]m@e@y@sAk@k@YSYm@Ys@o@aC_@m@_@Ye@Oc@Ie@Ac@Fe@Lc@P_@TeA~@Q^_@ZOGy@iBmAsBSWSe@_BkEm@oC_@oBe@sBUw@Iw@Gy@a@eD_@eEXi@Z_BCgB\{DOeBW_BSw@Ws@Qs@k@uA[o@c@OuATY@s@^O@KAOM?y@F[Ry@RwATq@^Yr@e@\m@FqBBaD\y@Fs@Ny@n@}AZi@J}@\qBIuBUkBQmCCEc@Ra@XgAb@g@EUs@MqAKc@KqCe@uEB}@U{BI}BKGc@NCRb@pCIzBIDa@He@Nw@Re@@Oq@WsB,181.0,4.1,1994.0,Corona Run II: Building up,0.0,0.0,0.0,2.0,2020-03-23T17:25:06Z,2020-03-23T17:25:06Z,52.2,52.2,0.13,0.13,(GMT+00:00) Europe/London,9.7,0.0,0.0,Run,3434102992.0,3434102992,0.0,everyone,0
47,1.0,2.0,23312763.0,88.8,170.4,3.12,0.0,0.0,1.0,5372.2,2101.0,11.9,6.9,52.2,0.13,garmin_push_4695962528,0.0,0.0,g6474974,1.0,0.0,0.0,3217253662.0,6.0,,,,0.0,a3217253662,wrq}H{qW@\E~@?d@BXFRh@CPEh@GzAa@RALDn@|ELfBHjDb@Hd@Sb@If@Ad@MVBx@rFF~@EbA[jA]jBo@bBu@jD_@xDC~@Ot@]b@a@Z_@`@Wn@o@hCMz@EzBy@|CSb@KFS@k@K]HUPy@xACRVv@V^f@A^q@P_APkAAFU_@YAa@RORk@~@M\Lh@N^VN\HV@JCZq@P{@De@Ii@[g@g@Fi@Zs@nAAV`@`Ab@PT@`@?Tg@Ji@uC^N\d@Lb@@ZIJi@F_A@yAGOM?e@Le@TUl@QXAv@\t@NFf@?b@QFQJy@C{BGIO@c@NULYj@QXMd@Nj@Zh@JBd@?\_@FQJu@?qAGi@KCc@Lc@Rs@zA?VT`AGMO}@Nm@Tk@`@]f@B\TDTCn@G`@Mz@Wj@iACOQQu@?SVs@\q@d@Yh@BZj@BTC`AWr@[d@s@Gc@OUo@Fy@`@{@\_@`@MR@\h@@j@E`@[vA]Vi@?c@[Qw@Ns@Vm@b@_@b@Qb@NNb@Fl@Gj@St@GNWX]De@ESIYu@Dq@zCeBBF@b@Cz@CXKh@OXe@Jc@C]GYs@Ge@Ag@VaE\a@b@InAMd@AhAFJw@AeA@q@b@qBHy@Rq@\c@bAu@Vo@RyBTwDZyBTu@p@{Af@eDD{@A_AU}BO{@Gy@]WiA\i@JgA^IWE{@GeCMyBKmDMO[BsB`@eBRO}@IsA,198.0,4.6,1722.0,Corona Run III: First intervals (200m on: 100m off) x8,0.0,0.0,0.0,2.0,2020-03-25T12:09:32Z,2020-03-25T12:09:32Z,52.2,52.2,0.13,0.13,(GMT+00:00) Europe/London,6.7,0.0,0.0,Run,3439505501.0,3439505501,0.0,everyone,0
46,8.0,2.0,23312763.0,88.5,175.1,3.052,0.0,0.0,1.0,8024.2,2629.0,18.9,6.9,52.2,0.13,garmin_push_4698848276,0.0,0.0,g6474974,1.0,0.0,0.0,3219838299.0,4.0,,,,0.0,a3219838299,{sq}HspWBlAFz@BDf@ENEhAEt@S^CXG^xCh@vI\l@V?d@EnAm@VSNAt@zFBbA?ZIj@Of@[~Bk@rAw@vCMj@C`CQzBQt@OVy@n@a@d@ELOb@c@lBMz@@f@NHfAO\Of@Eb@Od@H`@l@n@vAHZv@rA^vBTbC?PQhAM`DCNIPGnAa@x@F~@d@rCTpCFh@`@dCZnARbBPv@r@vBXl@Tp@^~AP^~@zAf@dA`@p@`AhAb@V`@Rd@NhAb@~A\j@RTNvC~CZj@v@x@fAz@fAbA`@Xt@`@~A`@~A|@lA~@\l@^b@zAdAfA|@xArAb@XlBt@hA\hBn@fAh@lAb@b@X`ARhCt@jAVhBl@d@JjBrAF@~@kAf@Cf@@d@Jb@RtBfALHb@LTs@\oBTy@^SNA|@@d@HXYR{DR}BNy@T_CXsBNy@Pu@^i@bAo@`@]Vq@Ps@PeFA[LeCRqBFyANqB?{@H}AKWa@a@[e@Kc@E}@?_AC{@G_AK_AD}@XiB\iDIw@O]w@qA}@kAi@iAk@}A]m@wBcAwAIy@Og@OeAg@uAoAo@a@{DkDoB{A{@y@aAu@oBoAsC}Ba@Ue@e@cAs@cEsE_@]oA{@wAmA_Ak@}@a@yAy@k@UeDqBYKyGaBa@Sg@a@q@Ym@a@_Bu@cBcA{BgAsCeCa@g@]YOG_@g@a@]c@Me@@g@Hw@Xk@Zo@XsBlAe@Tc@Ae@De@HgAn@g@P]DSyBAcAGkAMqAc@qDECu@FsATw@Rc@BGc@CaAGi@,190.0,4.0,2629.0,Corona Run IV: First full Granchester lap,0.0,0.0,0.0,2.0,2020-03-26T12:08:06Z,2020-03-26T12:08:06Z,52.2,52.2,0.13,0.13,(GMT+00:00) Europe/London,21.9,0.0,0.0,Run,3442253530.0,3442253530,0.0,everyone,0
45,6.0,3.0,23312763.0,89.9,169.6,3.158,0.0,0.0,1.0,7759.2,2457.0,12.5,4.2,52.2,0.13,garmin_push_4708805056,0.0,0.0,g6474974,1.0,0.0,0.0,3228798548.0,10.0,,,,0.0,a3228798548,usq}HoqWCCAIWkBCgAK_Ae@eCa@aAWoAYy@g@I_@Z}A`BeAx@U^c@`@c@\e@Ne@As@qAg@Mi@@}D_@e@CkAOiAIiAQsCWmAMg@Ca@VOVi@bCITKEa@_@i@Oc@Ua@[IEa@m@e@Wo@q@u@m@q@[s@g@e@Um@OYDw@\cCSe@@cAKaAAw@S_@[Q{@SkBa@wBYyBu@qEg@uD_@gBEc@AcCIyBe@mBu@wAWu@Ss@QwBC_A?_AH{DG{BYyBOy@K[k@}AqAcC_@a@cByAc@YgAi@eAq@e@WeAcAS[oAeCe@uA}AgAg@Sa@Og@KkAQiAw@_@][c@Yq@o@qBy@gDs@sE}@uDk@kD_@wDOy@I_AQ}@YsBo@wC}@uC^fAXj@d@Cd@[d@Q\EVt@@f@AEF]`@D^H`@V^\b@f@Xl@Rr@P|@Rv@Pt@F`AJz@h@dBj@zBNv@p@~BVdBVt@J|@`@lBDr@H`@Nb@HrAp@pCTr@Lx@NlANr@Vr@dA~A~@x@f@R^j@jAdAdAl@z@\j@d@~@|@lAxAZd@r@`Bh@nDRv@L~@Fz@CzDMlBD|BVl@`@j@J|@Pz@Tv@Lz@ZfHZhBL~@l@tDxBrONr@f@LnBP~ABb@HnAGf@If@IHGRBzAl@l@Px@r@`@d@T\PRp@^p@n@b@N^Xj@n@b@LXk@^m@Rw@Xe@f@ApCXfANjDVd@@x@HdD\f@Ad@BdBn@F?h@Jd@Yx@m@~@aA^Y`BaB`@JLTPlApA~Dv@~G,191.0,4.8,2457.0,Corona Run V: Run along the river,0.0,5.0,0.0,2.0,2020-03-28T12:09:38Z,2020-03-28T12:09:38Z,52.2,52.2,0.13,0.13,(GMT+00:00) Europe/London,8.2,0.0,0.0,Run,3451768055.0,3451768055,0.0,everyone,0
44,0.0,1.0,23312763.0,87.1,149.0,3.196,0.0,0.0,1.0,5012.1,1568.0,11.9,5.9,52.2,0.13,garmin_push_4715457662,0.0,0.0,g6474974,1.0,0.0,0.0,3234483419.0,2.0,,,,0.0,a3234483419,wtq}HypW@PP|AAlA_AXUL[Fu@`@mB`@[^AVF~@HzBCx@?fBiAr@Wl@wAx@q@n@}@dA}@rA{ApB{@rA_@d@a@`@{@nAa@^c@X[f@gAv@g@@c@Hi@Nc@Zi@EkAJg@?a@NgA?S@oAKe@Ic@UgAU]SWAy@Ke@Uc@Ke@Dg@C}@`@oAFe@QeAo@m@WE?_@^aAv@aDrE{AdCWl@m@bA_@`@]j@FD^x@Nj@D|@@b@Ah@DfATv@dAdFRr@Th@Zd@P`Ad@TrAVd@Xf@Bd@JfADh@S`Aq@hAi@bCo@d@?b@Wb@i@`@[`A_@hAMd@?nAJrC^d@?TGr@YjA[pBe@rCeAd@Ib@Wb@]VBrB{@bB{@t@QVu@Ru@lAWf@Id@Ad@Q^J\dAb@Bf@If@Of@Gf@A`@Qb@Kb@Cd@Id@?d@FZ@j@sDRy@Vu@JcAVs@Z[z@q@NYLw@FkCJ{Af@qBF}@F[p@{A\oBTs@H_AGy@Mw@M[]oBKiAKM]@WDqBz@e@@U_AUoEW_CG_AAm@CC_@BuBn@eAFEMKmA,194.0,4.8,1568.0,Corona Run VI: 5km around the ghost town,0.0,0.0,0.0,2.0,2020-03-30T10:55:56Z,2020-03-30T11:55:56Z,52.2,52.2,0.13,0.13,(GMT+00:00) Europe/London,8.2,0.0,0.0,Run,3457875597.0,3457875597,3600.0,everyone,0
43,5.0,2.0,23312763.0,90.7,174.7,3.319,0.0,0.0,1.0,5084.4,1532.0,11.9,6.0,52.2,0.13,garmin_push_4718995043,0.0,0.0,g6474974,1.0,0.0,0.0,3237647224.0,6.0,,,,0.0,a3237647224,{rq}HyqWLZEfAB`AGVUPuAf@oA^YL_@FcAVMXDd@Bz@E|@?|@FzBIl@mBdAc@\kAnAa@V{@r@o@x@u@~Ai@v@[b@_@^]l@k@r@cAbAy@hAcBzAWNYHuATmAXg@?mBRg@?e@Cc@Ig@?e@Ge@Yg@I_@Mc@U[i@g@Ac@e@a@]m@NcAr@mAZe@Fe@QMSkA[]Ou@n@}@hAc@`@yB|Ck@dAk@nAK^OVk@bBI`AH|@B~@C`A?z@\r@Nh@N`BNr@Zj@Px@Xh@^d@TN^Bb@LpARVJ^RpAFb@FTHf@Ap@e@jAc@d@GjAUfEEVBd@?h@G`@G`EkAjAc@b@Uf@MlB]d@KhAa@fAe@lAWb@]hA]nCiBf@Kh@@d@VRPZj@l@d@d@RfAWPw@^_ETn@b@Ff@Ed@Ob@Gf@Ed@UPGnBSfAFLAHe@JwBJy@Ru@\mB^k@`@U`@a@\i@Ry@L{@LyB@{@NoBNu@Rs@Vq@Lm@H{@\sBC_AEy@[yC?{@GOQGa@JkBx@g@Pc@GIcAKqFU{BA_AEKiAVS@e@JqA\Y?Su@CaA,191.0,4.7,1532.0,Corona Run VII: Ghost town 2,0.0,4.0,0.0,2.0,2020-03-31T10:20:34Z,2020-03-31T11:20:34Z,52.2,52.2,0.13,0.13,(GMT+00:00) Europe/London,8.0,0.0,0.0,Run,3461228329.0,3461228329,3600.0,everyone,0
42,0.0,2.0,23312763.0,89.4,172.6,3.279,0.0,0.0,1.0,6691.6,2105.0,11.8,6.9,52.2,0.13,garmin_push_4723535684,0.0,0.0,g6474974,1.0,0.0,0.0,3241830978.0,7.0,,,,0.0,a3241830978,{rq}HwpW@B@d@Hd@Bv@DNbBs@r@QD?ZFNAJBVv@h@rFA`ACl@JfB`@NZFTCTIv@U`@QXAr@lDTrBCd@Wp@GLa@|@qB|HKv@Aj@BhBO~AQn@]l@s@t@]t@Mp@_@hAMj@OtBKx@w@|A]j@w@\c@V[j@e@fAR~@X\f@Fb@MV}@Dy@Cw@Yk@g@HYTc@v@Yl@Pt@T`@b@Np@@DCTw@Jy@E{@G[[a@c@Ba@^k@hAIZZv@`@\b@Hd@KRq@Jy@E_AGUICg@Bc@F}@|ACLRj@Zf@b@Dh@@Tk@Ny@C}@Ku@MOi@DSLu@tAO^H\Xl@`@Nf@DZYRs@Hy@Eg@Ss@e@Ac@N_@h@[n@I\Tp@^`@b@@f@CTy@FcAIw@Wi@g@F_@b@]l@Uj@BLTd@`@^d@D`@KNc@L{@G{@Os@i@Ca@Ty@zAG^Tl@\b@fADZo@L{@KaB@`AI|@Uv@_@Xe@?a@]M{@Lw@Vq@\_@b@O`@XJz@C~@Ux@a@`@e@@c@SSq@D{@\o@Ze@b@Ob@@JJH\Dp@Gr@Sp@_@\q@AWIGMSs@Hu@h@kAd@Ub@@Rl@@|@I|@Wv@]Ti@G_@_@S_AVu@Xk@f@Yb@CZb@DV@h@Kx@Up@a@Ne@E_@WIWIq@r@}Ad@Wd@AXp@Bb@GbAQp@c@^i@Ec@SUu@F}@Vk@Xi@FEh@S`@NNr@C|@QbAU`@c@Fi@E[m@Io@v@{Ab@Ud@GVl@Fx@?XM|@]j@i@?e@I[m@Gy@`@kA\i@XKh@@HH@?NS\m@l@cBNWL_A?aAN{@ZuAJ{@Pu@b@a@b@W^_@Tq@HaB@{@B{@N{@z@}DXs@ZmAJ_ARw@F_@?_AI}@YuBOgBy@To@EYBiA^Yo@KiBOwFIuAGYqAVmALkAZEEM_A@{@Kg@,194.0,4.4,2041.0,Corona Run VIII: (1 lap on: 1 lap off) x8,0.0,0.0,0.0,2.0,2020-04-01T11:16:47Z,2020-04-01T12:16:47Z,52.2,52.2,0.13,0.13,(GMT+00:00) Europe/London,4.7,0.0,0.0,Run,3465662038.0,3465662038,3600.0,everyone,0
41,2.0,2.0,23312763.0,90.1,173.7,3.288,0.0,0.0,1.0,8042.6,2494.0,18.4,6.9,52.2,0.13,garmin_push_4733014711,0.0,0.0,g6474974,1.0,0.0,0.0,3250604600.0,8.0,,,,0.0,a3250604600,ysq}HqpWBz@JnAF\AIHGlAUTGHIxAWXE@Bf@xBB|@Nx@D~@Hx@GdA@dBF@hACb@Qf@Yj@Mf@QX[f@UjCs@h@e@V[d@O\Ed@Ah@Ld@Tb@VHFZj@bAv@T\v@Z^b@f@^~@Z`Ab@xA`Ad@DjA^JFn@p@jBbAbCv@rBb@t@X`AXrBfAnAz@b@N`@RfBnAZ`@d@TdAt@b@j@|ArAvA`BZVdAn@VT^T`@^v@|Ad@ThBhAbAz@`@X`AbA^X\b@b@Zd@Tb@ZbA|@\`@zAdA`@^jB`Ad@Lb@D`@CnA`@t@\TRVr@Hb@j@zAp@dAf@\^b@x@nAVl@@~@Cd@a@dBk@hB@~@Vt@F~@@~@C`ABx@Xp@`@X\j@@|@Y`DBb@c@fDUtB?z@OzCBpACv@M`@Ub@]b@gAx@[l@i@dBOv@Iz@?bAKv@Qr@UvB?h@B`A?|@Sn@e@FiAIe@A_@ZSp@KbAQx@[h@a@Aa@Y_@_@aAa@mA[c@?[R}@z@AGmBkA_AQc@Gg@UwCi@sBg@a@Oa@YmBu@iAe@oBi@mASg@Qa@UqBkB{C}Bw@w@]k@c@_@g@[kB{@iBcAa@]Y[c@]c@WgAw@_@][k@]i@eA_A}@o@iAo@yD_Ac@Ma@Ya@c@y@wAYa@g@iAu@qASm@WsAWo@]uA]iA_BsHYyBc@}AWsBc@yB?]Z_ADy@DKVkC?q@\}AE{@MgAIcBWoASs@yAyCa@EmAZc@RQ@oAXMQ?{@Fm@d@wCXe@bAo@Xo@Lu@H_ALwBBaAj@iDXm@J[Hw@?U^uBN_C?}@G{@GuBGi@IEE?sAXg@Pa@Ra@LQqAMyCOuAGYE_A@_ACQGOI?mAX{@LWD_ADGQG}@?}@,192.0,4.8,2446.0,Corona Run IX: The loop,0.0,2.0,0.0,2.0,2020-04-03T16:16:29Z,2020-04-03T17:16:29Z,52.2,52.2,0.13,0.13,(GMT+00:00) Europe/London,23.0,0.0,0.0,Run,3474927249.0,3474927249,3600.0,everyone,0
40,23.0,1.0,23312763.0,86.4,175.2,2.966,0.0,0.0,1.0,15010.2,5060.0,12.5,3.5,52.2,0.13,garmin_push_4736459560,0.0,0.0,g6474974,1.0,0.0,0.0,3253802454.0,15.0,,,,0.0,a3253802454,i`r}H_yVa@Nc@V_CpB{@tAs@zA_@d@gCfEuAz@i@j@_CvCqDz@uBAe@VwC[u@TcBu@kASk@m@mA[e@?yCd@oACuBsAoAsBc@_@Oe@_@a@c@S}@FWs@q@eDe@j@Yj@i@n@Uj@e@t@I^]d@aAdAm@F[C[k@iAmCQq@YeBA}@a@qAE{@Mw@YyCg@kDGw@CqCGy@F_ABwCRmB|AmG`A}CXi@xByBZk@~BaGn@oCL_AVgDJsCDuFWaDGe@s@}B_A_BKw@OsBByBRoE?{@m@gD_@{Ak@cBy@yA_@g@_B}AeCwAWEiAq@y@o@oAcB[i@_A{By@sAkBs@kCg@cAq@}@_Ae@PYTsAzAUs@e@sBmAmEWaBBsD{@gJUqHa@mCe@kBsBuE[yAm@uE_@uH[oEa@}Ca@kFg@gDcBmIc@gDa@{Be@mBC_AIw@a@mBk@iA]c@cAu@e@C_BNgDl@}FjBiADg@Ma@W]a@[o@{AsFa@mCs@}A_@i@c@]kAq@c@MkAKyDi@mDeAkE}@qBOgA_@}F[iAW_@WeAeAaAuAaBuCy@mBo@kAUy@QYOg@x@rBzA`CTj@^d@|@hBvAfBdAz@dAXlCXjBHfC`@d@CxC|@xIfBzCJxAn@`BhBXn@^bB\jA|@`Ev@nBZl@ZXz@L`ACrFoBbB]lBMhB?`@Jx@t@\l@`A|CTfBB`AHx@Vp@h@bE|@pEl@`Eb@bBNfBD|Bj@bCT|BTlDLxEp@nFv@vDt@vBp@`Bz@nENlB@dBFzATnCBp@^vDNpF^pBdBnGJFXUtA_Bf@EVHz@d@r@r@|@\nB`@dAv@xB~Cv@xAdBzAhBdA`@`@|BjA|@fA^ZnA~BRr@Fx@\zBXp@F~BA`CI`AGxBB|@Tr@d@v@Hx@Tv@Zl@Rr@V|DGzBfBvIb@dDRxB\tBHzAf@jBNH|D`@d@Cz@L`AIlA]f@LpAbApAn@~@bAvA|@|AjA^f@b@Rn@c@Fl@NVlAx@pAlA`@V|Ad@pApB`@v@Ws@e@wCK}BGgEBOdB@pGd@|B@^b@LXVRd@CpAY`@[\i@~BsBdAuAFF\lALNTt@j@vCfAjI?|@Dx@,214.0,5.8,5060.0,Corona Run X: Chill run along the river,0.0,13.0,0.0,2.0,2020-04-04T12:33:29Z,2020-04-04T13:33:29Z,52.2,52.2,0.12,0.12,(GMT+00:00) Europe/London,8.8,0.0,0.0,Run,3478337591.0,3478337591,3600.0,everyone,0
39,0.0,2.0,23312763.0,84.8,164.6,2.825,0.0,0.0,1.0,11731.5,4244.0,38.5,5.6,52.2,0.13,garmin_push_4741146282,0.0,0.0,g6474974,1.0,0.0,0.0,3258176841.0,7.0,,,,0.0,a3258176841,_tq}HupWDz@JnAAJ[^YHOJu@Vc@PaCf@_@d@I~@F`CAbD]`@eCvAYHeAr@WZq@lAcBhCINYv@}@fAo@f@U`@[`@WRIPALi@`@s@~@mBhAe@Lg@DWHEDi@?k@DyAOi@Fe@CiADi@E[@a@Q_AMYNHx@FNAn@Dz@Nx@MLe@Lk@H]TGx@QlABz@?t@DXd@fAJ`@Xf@H^PlAH~AC|DWh@Mx@DzAPxBClBAlBHhA?|@EXMdCDR@z@Eh@Jz@E^e@~@Kh@Ar@B\E~DEzBWbDUrBCLY~DCx@UnBSzDK|@?x@KhADj@JN`@X^HN@VRHz@Cv@DhAAsCCk@KCS@g@Cc@[YKWAEFYp@c@`BmAvDQt@Gx@CxBQpDGlCWlFA|@UxBAvAGrAA~@SdGK~@EtAS`DA|@Jr@jAb@f@Jv@Xl@BD~@MxDKfB@dBE`CKjBKbES~DGx@E|DOnB?vAFzDCtBBxBDx@AHK?o@WeAi@a@[KCKdAG~A?z@BBL?l@KfBIJJ@LWhAGx@At@_@pBOj@O|@?tAc@jESxAYzC_@lBMxBGb@m@vHg@rDq@hH?z@PzBOp@c@^{@~@Ud@o@fBa@Oa@WgAg@_@UiAe@qGqDyEcC]e@c@WUi@I_AOcEOu@Yk@KyDKy@?}BGyDBmDNyDHoELyBt@cHFwAZiCN}Bj@sFf@qDJqBFe@H{@T_ARkC@_AC{@F}@D_DCcDDyBTqGEwDHiBHw@N}@?yBh@kDV_DPiANwAFcBDUH}@TuFHoARuBB}@l@sDPiCNwD?wBD_DDgAh@uDDs@T{BJ}BPuB@yDBy@AKBs@G}BDsAb@qHFe@`@iB^uGj@gE?WNuBb@kBRs@TsB?{@Hw@G}@I_Ao@aBC}BIy@]kBn@eBx@mAp@aBt@wAd@iAZm@x@cAj@cAbAcA^[dBgBT]\_@b@[jAuA`@Wd@ULS`@S\YnB_Ap@y@RmAb@}@Xc@x@}@pAgA~BgC`DqC^_@Zc@fCyBjBmAD@b@g@r@q@tAmA~DuDHEb@Ib@U`A_ALQ~@aAbAy@vA{AZG^l@Hx@`@dBVn@Bp@h@|DL`C,184.0,4.3,4153.0,Corona Run XI: Active recovery,0.0,0.0,0.0,2.0,2020-04-05T11:40:32Z,2020-04-05T12:40:32Z,52.2,52.2,0.13,0.13,(GMT+00:00) Europe/London,47.1,0.0,0.0,Run,3483062187.0,3483062187,3600.0,everyone,0
38,0.0,2.0,23312763.0,87.2,172.6,3.059,0.0,0.0,1.0,6452.4,2152.0,11.8,6.9,52.2,0.13,garmin_push_4750282510,0.0,0.0,g6474974,1.0,0.0,0.0,3266607177.0,9.0,,,,0.0,a3266607177,stq}HapWVN@DDn@Ch@DHRHFHH@XI^APCTKb@Cd@GCD@P`@x@Jb@L`BNfACvBVfA@\d@ZTFf@K\M`Aw@Xb@VlBb@lAHh@?v@At@]|AYpBaBjGOr@G~@A|BOv@_@j@w@j@_@b@g@|BY~@EVC~BUp@y@hAWn@gAZc@\q@zA?RRr@\Zd@Db@MLu@F}@EaAWk@O@WLa@Xu@|A?NRp@\b@b@DZC`@c@L_AAa@OyAEGICgA^q@pAE`@Vt@b@XZ?d@CTo@H{@G_AWk@g@Fa@^{@xA@JRn@Zb@d@?f@EZg@JaAGaAGk@MMSBe@N}@rAO^X~@\Zf@Dd@GPo@H}@KsAEKQSc@P_@Z[j@Up@Db@Xh@b@Lb@?`@UPs@B}@Iy@_@e@g@Pc@`@[h@Wt@D\Vj@`@Tf@Ab@OPi@Jy@I_AQs@e@?g@Vu@`BE\Xn@b@Zf@Ed@OHSHe@Dc@I}@K_@e@Si@T[n@a@dA?NVn@PRZ@h@C^[Ji@@YEaAA]Hx@Cz@Oz@[^i@Ea@WQ[Qs@n@{A`@c@VIb@NP|@?bAM~@Wf@i@@c@O[i@Kw@Pw@\i@^]f@EPDRr@Dt@Eh@Qt@UVe@Ce@MYs@Ew@t@oAf@WRE\\JXBz@Mx@Sp@a@Rg@KUMSq@Cw@Vq@Xg@`@Qb@NRf@D~@Oz@Yp@KDg@Ea@USy@?g@t@wARKd@Ib@JHZBj@M|@c@hAOHiAWUm@QuA@YF[LwBTo@rBWd@Ab@Db@ED{@G}@@y@Ny@Ni@RcATs@bBeAPa@`@wEB_ADw@d@qCv@sCXyBT{B?c@I{BKaBG?a@Te@Le@BYO[B[L_@UW{D@aAAwBGy@Mq@ECe@?iATmA\e@FQGGm@I{A,191.0,5.3,2109.0,Corona Run XII: Pyramid üî∫,0.0,0.0,0.0,2.0,2020-04-07T13:52:37Z,2020-04-07T14:52:37Z,52.2,52.2,0.13,0.13,(GMT+00:00) Europe/London,6.8,0.0,0.0,Run,3492198809.0,3492198809,3600.0,everyone,0
37,8.0,1.0,23312763.0,87.4,170.9,3.083,0.0,0.0,1.0,10477.6,3399.0,19.0,6.9,52.2,0.12,garmin_push_4754388600,0.0,0.0,g6474974,1.0,0.0,0.0,3270523244.0,14.0,,,,0.0,a3270523244,csq}HmqWC@HdABvA@LDD~Ag@v@OPOd@CHETYB@DJF`@PtBD|@NlBGhA?d@RdBb@@jAi@vAaAbBaAb@Qr@_@XW`@Q`Am@n@K\APFd@APq@PyBOy@BO^e@^Sp@sAd@[dAWd@W`@e@RIb@NlAFf@?jAWx@o@b@AlAHzDQ`@PjA?`AMfA]d@Cf@L|@HjAVfCZdCz@j@DXm@hAYvAIrAZrChAb@Xb@Pf@Nd@@XU@{@C}DB_ECcA\]T?d@Jd@GnBf@d@Rf@JpAd@hB`AfAx@dCzAdBnAbDpC|B`CpCdDfDrEhA~Bx@lAj@|@p@dBDD^@dBvDTp@Np@En@`AlCl@fCbAzCp@pCZ~Aj@jBLfBRp@Hn@Px@RpA\pCNt@P|B?rAZbDD|@L~@H`ALx@A`Ad@l@Vt@CFEA[k@]e@Wk@IGe@aB_@_@gA_@k@q@_@]GKeBuAc@Yy@Ug@[WWc@QiAYe@Ae@Dg@NiAM[Dg@EsA?u@EOBc@AkAD}AAe@Bc@JAF?d@Rp@Xj@d@fBXh@\d@b@^PR`@z@Pv@G~@M~@AdAi@rDRt@Hz@?zCLz@Zf@^`@Vn@B~@[xD_@|C?PUvBG|@A|BMxBQx@Uj@MLc@Ta@V[n@i@rBO|@OfCWxBU|BKr@?|B_@P}@YSAg@JGHK^Wp@Ot@e@jAKJs@a@_@c@}@c@_Bk@s@Fa@^]l@_@?_@g@]]a@YYK{AYmAYe@EgA[iCi@w@e@w@]]UgAe@a@Wg@Oe@EmCk@g@Wc@Yc@a@sAcAcCuBa@c@c@]gAa@e@Wa@]{BoA_@]eCcBaB{AYq@_AgA{BeB]Ui@QiASoBk@UK]Yq@{A_@i@}@aA}@wAWq@Qs@gAmC_@oASkAKy@Oy@I}@s@_BM{@[sFW}AB_A^u@B}@BAFu@?SH}@CeAL{@?_Am@sD[{@Qs@Ww@w@}A_@UeEj@IS@aAN{@Le@Jy@Tq@^_@r@UXe@Fg@JcED}@n@gDTu@Xk@FMv@wDHaAI_Ba@uDMy@c@@c@RkAZc@D[c@OgAMaB?s@MeBKmCgANoAXY@,187.0,4.2,3399.0,Corona Run XIII: Lunch time 10km,0.0,0.0,0.0,2.0,2020-04-08T10:40:23Z,2020-04-08T11:40:23Z,52.2,52.2,0.13,0.13,(GMT+00:00) Europe/London,22.7,0.0,0.0,Run,3496330068.0,3496330068,3600.0,everyone,0
36,11.0,2.0,23312763.0,88.9,172.8,3.173,0.0,0.0,1.0,6269.5,2088.0,11.8,7.2,52.2,0.13,garmin_push_4764225155,0.0,0.0,g6474974,1.0,0.0,0.0,3279862079.0,8.0,,,,0.0,a3279862079,avq}HonWCh@F\Ah@BTHJF?RDxAQl@Iv@UF@^j@Z|@@z@X`DCr@Vx@R^d@@`@`@jBs@HFDNTxBLt@H~BCz@o@fCKb@CfAMv@m@fCMv@StB]vBUl@QTc@^_@h@St@I|@Mn@G|@Ih@[h@Hn@@`@Kv@e@vBmAvEQx@]tBUzB]pAs@kAK}@}@uCO{@Kw@a@qBWs@Qs@G_AJM`Eg@^a@b@UpBa@ZEd@Bb@TA^Ir@}@rE_AhF[zBIx@ETa@UYc@Sq@Wu@[m@Us@q@mDM_A[}AG{@XMb@ExA]f@CNBLG`@Wb@Qf@Kf@Ed@LVT?ROt@}ApGo@xCKh@GbAMpAG~@EJGA[k@mAyEMw@a@iBaA_FD[^M~Bi@b@C`@[`BUb@Dd@HP`@eAbFsAtFM`AWfEIJIEU]Ss@ESAi@My@Mi@i@aBQu@AUWiAOgAk@eB@_@fBe@b@If@Gd@Bn@UfAUd@Ex@JHB?NaB~Go@jDIn@EfCG~@Of@g@m@Wo@Em@G]eAwC}@cDe@aCEw@fAc@f@Ot@Gd@Bf@QpBe@xAH?BHc@JwBFk@Jk@Rq@LcARq@HMPOp@[`@_@Nw@LyB@_BH{@p@aDj@aEd@eBDS@{@E_Aa@yEAGc@I_@RmAXe@Nc@CYyBCkBBuAG}@E_AKw@eBZw@FiATIMQyB,193.0,4.6,1976.0,Corona Run IV: (500m on: 200m off) x4,0.0,4.0,0.0,2.0,2020-04-10T13:18:41Z,2020-04-10T14:18:41Z,52.2,52.2,0.13,0.13,(GMT+00:00) Europe/London,6.5,0.0,0.0,Run,3506175495.0,3506175495,3600.0,everyone,0
35,5.0,1.0,23312763.0,84.7,165.2,2.756,0.0,0.0,1.0,17005.9,6370.0,14.9,4.6,52.2,0.13,garmin_push_4768442007,0.0,0.0,g6474974,1.0,0.0,0.0,3283857489.0,14.0,,,,0.0,a3283857489,usq}HeqWSw@]iD_@aCU_@q@uBGsAi@_@cCtByAvBq@d@_@DyAm@eAwA}@oBiCgEgGmGe@mAs@SqBkBeAa@]_@y@oAa@]{CwD_CyDeAuAqAcAo@iAa@{A_AiA]]g@SwAqBgAkAc@I[T_@Oe@p@j@}ARQWuFk@qCK}B@}@s@}A?aBVcBEy@y@oCK_AkAeBa@b@sAdDa@JyAhEc@Y[i@{@q@iBeBi@jDcACm@[yEaDeAwAeBsD_@_@sCkAwASsC_CsAz@}@~@cAuCgBgIAaCG{@q@{Gg@oD{@eEsA_DOaAy@}Cs@mGK]][k@dAyAdEWXo@e@qDyA]Dq@d@w@kAgAcAc@dAGFy@g@[`@RbAG|@Up@y@fAuBnGiBvCYX_@g@eAsBEQAw@uDqFcEdK}@zCiBnIu@bC[f@a@QoBaCy@wAcBgAoFyIcBcB{AoAiC_Bc@k@eHyGQAuFaFyIuF{A{ArCtBfAh@\HVs@nAwFXqBl@aBSq@EaAl@yEPw@P_EEuCXaC`AoCZm@bEgG^]J]m@w@qCgC_@AoA{@uAk@yAqAS`@e@Jc@KOUc@Hq@z@]X_F}Bg@Ic@FcAW{@@{@t@?|@g@pEAu@ReDAy@XW^HbAhAl@@Xp@n@|BEx@^bC_@xD?|@K|@s@GaAd@]tBFXl@v@VhA~@|@rFxDpE`Cl@MZsBx@oA?wB`@[b@BC`Ci@tIJ`AC`B_A|Bi@rDc@lB_@xDfDtB|F|Eb@N|CxBtC`D`GpFpH`KbCbC`AvAxAzAv@bBdBtCfCnDRPsFaP~BkKlCyIvCwE|BcCx@uAtB{BxCuBjEyAdDg@nC@n@VNr@rFnA`@VTv@h@xC\lC`@nB`C`Ir@fDXvB`@lBNxBd@jBH`AG|@LzDr@fCb@lBXn@TtAd@[|@kAf@Mb@HxB~ApEvApAlAVt@f@j@^v@|B`ClBnA|BdA`@\zBvCt@~Al@fBp@`DTpB?~@Q~AOxC@~@L|@Xn@b@tBn@~ALz@JxDCz@lAxGzCpT|A^zDJ~De@nDhBnA|AlClBb@N|@bA|@oAb@_A~BYnQ~Ab@?|@K|@l@hALtBkA`CyCb@a@d@Kv@lDbAjDdAhMCVp@QNMAQ,184.0,4.6,6171.0,Corona Run XV: Up to Milton,0.0,0.0,0.0,2.0,2020-04-11T10:10:15Z,2020-04-11T11:10:15Z,52.2,52.2,0.13,0.13,(GMT+00:00) Europe/London,28.9,0.0,0.0,Run,3510403210.0,3510403210,3600.0,everyone,0
34,2.0,2.0,23312763.0,86.5,162.0,2.809,0.0,0.0,1.0,4879.5,1737.0,18.6,10.7,52.2,0.13,garmin_push_4774061640,0.0,0.0,g6474974,1.0,0.0,0.0,3289356714.0,11.0,,,,0.0,a3289356714,msq}HqqWXpCBHH@JFD?PIb@E^Yb@Of@RXOHB^lBJ|@Dz@PlBDjACxAFHd@AZQn@WlCwA`@Yf@WdBaA`Aw@d@@d@Db@OXWVs@\k@Ho@Dw@b@e@b@WV[Tm@Ps@`@SbAcA`@Kb@Jl@Hf@AnAKb@S^]f@Ip@HpAF`@Gf@Fd@El@Ld@DpAI|Au@hAG`AA\BbAl@h@Nj@Fh@Lz@Ff@Nf@Db@Ad@g@ZG\BtA?d@Db@Pf@?j@\n@l@jBdAb@Hj@YJALKRy@J}@Tu@Ny@@}@NyC\wBC]c@We@Gq@@i@E]MqBc@g@QgBs@a@_@sA{@wAWe@Cc@Oi@a@a@Qc@[gA[c@g@c@SypAkHCv@pBzKP`@IhBF|@Yr@]d@k@nD@h@LbChBpG,204.0,8.5,1737.0,Corona Run XVI: Sad GPS,0.0,0.0,0.0,2.0,2020-04-12T10:27:31Z,2020-04-12T11:27:31Z,52.2,52.2,0.13,0.13,(GMT+00:00) Europe/London,7.4,0.0,0.0,Run,3516188732.0,3516188732,3600.0,everyone,0
33,8.0,2.0,23312763.0,92.2,151.2,3.661,0.0,0.0,1.0,5008.2,1368.0,12.3,6.9,52.19,0.12,garmin_push_4782377584,0.0,0.0,g6474974,1.0,0.0,0.0,3297314631.0,15.0,,,,0.0,a3297314631,w}q}Hm{Vc@p@a@^kBbAc@Zw@r@wAxB_@h@_@`@y@vAWl@]d@eA~@}@bAg@\a@b@a@ZgAn@e@Bi@Fe@LyCJi@JiDLUAs@We@GkA[g@?m@UYGg@Sc@GyB`@e@Bc@Cc@IgBy@c@\gBtB_ClDWr@}@tAa@d@Up@e@fAT|@Z|A@~@Cx@Nz@\n@Lv@XvBPv@Xn@\j@l@d@bBPf@JzAl@h@Nf@Nf@Dh@MhAa@nAQbB[d@Gh@AnAIf@?b@Ih@ClBc@xCu@xCaAbEgA~Am@`Ac@n@KfAi@lAy@\Mt@Gd@R`C|Bf@?Xg@N{@F_A\sHt@sINy@Tw@Ns@LaAN_AF_A?cCSaCQ{FI{@B}@`@_@nDApBM`ACvAK`B]jCaAjAw@hAm@j@a@z@Qf@Qb@G\GTCRGd@@h@Zd@`@d@VlClBd@XZXf@Tx@f@bBt@b@T^Zb@PfAp@~BjAd@HhA^,200.0,4.9,1368.0,Corona Run XVII: Chasing 5km PB,0.0,5.0,0.0,2.0,2020-04-14T11:45:49Z,2020-04-14T12:45:49Z,52.2,52.2,0.12,0.12,(GMT+00:00) Europe/London,7.5,0.0,0.0,Run,3524604395.0,3524604395,3600.0,everyone,0
32,5.0,2.0,23312763.0,86.9,159.1,3.103,0.0,0.0,1.0,6262.3,2167.0,11.8,7.2,52.2,0.13,garmin_push_4786857173,0.0,0.0,g6474974,1.0,0.0,0.0,3301802777.0,8.0,,,,0.0,a3301802777,itq}HgqWH`@Fr@@~@NV^@NCVItCq@b@zAf@vH@v@Hp@NVb@Jb@Kd@Qv@c@ZEBz@h@rCJz@A~@Ir@M\Ol@G|@Sx@k@zAs@~CIxD_@pBYd@cAx@Yj@SdA]vAIv@C|@StAUp@OrA}@pE[hAMt@_@tFId@S@SSYq@Sw@Qi@yCmMCa@rCYlAALI`C[n@@ZFKz@Kh@aBxHOdAIx@ErAKrAId@y@iA_@_Ao@kCO{@i@wDe@mBUm@d@O|BYP@lA_@pAO`@?j@HLD@D?J}@tDiAbGKjBCx@MbBCLEBWUYa@Wq@Sq@{AgGQy@K{@_@eBEo@|AKv@Oz@Ib@SbBOn@?b@PK`AmAtEo@`DGl@YtFELa@c@{@_BQu@C_@a@{BSgBeAuEIS@CnAKf@Mh@Gf@Af@ShBW|@JPIEHsAAuBZa@Ne@C[FkAHUBUFHx@\~@tAzF`AbFXf@ZPBINuBPuDjBiHTsAb@kB@_@EaAJw@f@mBH{@Ze@`@QVQ`@_@Tm@P{BDmC\kBzAgG^qEi@iGkABqAVc@RW@UsBIiD@]SqDOa@_Cd@yAf@OE]iC,192.0,4.9,2018.0,Corona Run XVIII: (1 off: 1 on) x6,0.0,1.0,0.0,2.0,2020-04-15T10:56:28Z,2020-04-15T11:56:28Z,52.2,52.2,0.13,0.13,(GMT+00:00) Europe/London,6.5,0.0,0.0,Run,3529317537.0,3529317537,3600.0,everyone,0
31,7.0,1.0,23312763.0,86.2,170.1,3.036,0.0,0.0,1.0,10119.6,3336.0,19.2,7.2,52.2,0.12,garmin_push_4796405724,0.0,0.0,g6474974,1.0,0.0,0.0,3311352460.0,13.0,,,,0.0,a3311352460,qsq}HaqWJr@@xAHRbAMZK~@Iz@MXDF~@Lz@LxBLv@@`AEx@Jr@Xf@`@Tx@Wr@_@d@Q@?BDDr@h@xCHx@@|@Iv@Ur@Ot@Ij@wAjE_@~AAdA@x@C`AGz@Ov@a@\a@VYV[d@Oj@It@_@`BAx@FLRDNCb@Kd@Wt@Wf@Kb@^hAdCTn@\h@Nx@n@`EQ~A?z@I|@?z@CNGBCx@Mf@[b@APp@`Ef@vELr@LVh@tBf@hDNt@Vr@`AjEZj@r@fAfA|Bx@z@lCzAlAZn@Hd@Nd@VdAlAb@X^\p@~@`@Z^^p@f@`Ax@^`@zB`Ab@Fb@Xb@PfAn@`@X\j@bBxA|@hAnAbAxAdAhA`@nCp@pChAdAd@`@VtCt@t@NZJz@N`@TzATb@VvAjANKZg@^]PA`@Pb@Ld@DvBdA^Zb@EPy@XqBL]NQx@?hAFb@[DaCJ_ATgBVsAP_CJ{@V{AXeA^e@p@g@^a@Xi@^mBBeBE}@FoALu@N}BNs@JyAN_AB}BOy@cA_AUw@G}@D{BC{@G_AAaAPs@b@mCJ_CWs@w@_B]a@_@_@[i@[s@_AuCTq@bAEd@FlA@b@Cv@Bd@Ab@HzDJfAGl@Ad@Cf@Db@Lb@T^^d@@f@Jb@R`Av@|@lA`@Pl@Jb@V`Ax@Pr@?T|AhCTj@@AEQ{@aAB{@Eu@?_AK{Bc@sF]eBq@iFcA}EE}@i@mBSk@a@qBe@kBsAwEeAwCoAaEYs@wAoCMk@a@_Ay@mAWo@uAeC]e@m@mAw@uA{@qA_AgA{BgBkDkD_@]gBsAoCkBuDmBiBw@sBs@e@Ma@?c@Ja@OEBUp@C|BKdCCbCSp@g@Ne@Ig@MeDqAg@Ce@IuADiAZa@F{Ae@w@Mc@Ae@Mg@Ku@Gc@MS@i@Ks@UcBJk@Lc@Pw@F_@SkAFkAEg@BsBC[BcAv@SHi@HaACe@@c@AWKw@l@eAb@c@Xa@b@y@lAa@^Yh@DbA_@jBo@d@oARa@VyAfAc@TaAr@iAn@q@^i@^a@Ru@Xe@HYAKK,183.0,4.0,3333.0,Corona Run XIX: Refreshing headwind,0.0,0.0,0.0,2.0,2020-04-17T11:41:00Z,2020-04-17T12:41:00Z,52.2,52.2,0.13,0.13,(GMT+00:00) Europe/London,19.4,0.0,0.0,Run,3539350657.0,3539350657,3600.0,everyone,0
30,24.0,2.0,23312763.0,85.9,166.8,2.877,0.0,0.0,1.0,17224.6,6098.0,14.9,3.8,52.2,0.13,garmin_push_4806716536,0.0,0.0,g6474974,1.0,0.0,0.0,3321451712.0,14.0,,,,0.0,a3321451712,wsq}HupWXrCAXGJmDlAsBd@Wd@AxBJvDM|@uB`AsFjF_ArBmAfCiA~A{BxBcBlAa@f@e@AqCx@iAEaCVuB@mA{@i@A}@Yi@@aBcAcBC_Cl@w@Qg@@c@Q_@g@g@Fa@Xs@pAgArAu@nAe@Vw@eAoAw@cAc@a@Iy@BWQy@qBAqA]a@aAqBs@aCOmAC_AS]Oo@C_As@iFYuEAqAMkBb@yG~AoJfAuC^i@`CoCrByETo@b@oBb@wDXsJ_@iFKu@e@kBq@aAYs@M{@KsBF}BTyBEwB[{B[}AaAwCyA{BaB_BgFiCa@YyBuCWu@sAcCu@s@aAc@{B]cDcCmBpBUNSQ[o@cBeGKuBCkEm@eECaAOsAYw@aAcFkAqDw@oBq@oDWcD]kBi@kBm@?wD_A_@a@Ou@gBI}DPg@GcFaBcIAiBLiAd@[h@uDxKiA`CsCfHQv@}AbEc@xAkApCi@x@{BmCc@_AkBsCs@o@{C{DkF{DmCsCs@k@c@Ka@[}DmDcAu@eB{@QUA}@b@aD~@{Ef@yAFq@a@a@h@sBh@iEj@yRZsBnAcGRu@f@eA~@ZzCfEFl@Fa@a@eAw@o@aDyCe@M_@]mBaAe@Kg@[]m@MEo@\a@D]]m@HaAlAG?_@WsBy@u@Sa@Y_ALqB]eBl@w@s@Wq@Ts@jAmCrBeE|@iD`AyCNw@Zq@b@uAZcDRmDfAkDjAiEnAiC\i@`@_@LDl@fBR~A`@zF\pBfBdFzCfFnCzD~@~@hAj@lAL`BAxDh@fB\fGlBb@?`KtAfB|AZf@j@tB`AxCf@jCrAjCd@TdALb@E`DiAdCg@hAo@`AWnB@b@Nb@\\f@l@fBn@bD\bDr@|CpDtSZnDZpBTrB`@|FLvD^xD\zBRx@t@`Cr@|A|@vEZrDBzANtBLxDZnBD`ACvBF|@fAzDj@fCRt@`@EnAmAv@GtBrAxDt@|AnAr@vA^b@vAxBbCvBdAj@lBz@~@`ArBpCdAlCJx@Dx@Pz@VxBAhD]zDBXr@bBd@nBn@`BPt@L|BB~BzAtK\hBdAbJ`@vBpBf@n@BlECvBUnDjBhAlApAfA~C|B`@OfAkCRQd@AtGb@zJdAlAApA~@b@G`BkAd@I|A{BfAw@d@?N\Lh@XvBlA|DZpBXlA,185.0,4.5,5987.0,Corona Run XX: Getting lost in Milton park,0.0,3.0,0.0,2.0,2020-04-19T11:46:55Z,2020-04-19T12:46:55Z,52.2,52.2,0.13,0.13,(GMT+00:00) Europe/London,18.3,0.0,0.0,Run,3550012983.0,3550012983,3600.0,everyone,0
29,11.0,2.0,23312763.0,87.2,170.2,3.009,1.0,0.0,1.0,10495.3,3492.0,19.2,7.2,52.2,0.13,garmin_push_4822336799,0.0,0.0,g6474974,1.0,0.0,0.0,3337330909.0,9.0,,,,0.0,a3337330909,ssq}HqpWTvCDFj@Gr@M\O^MT?x@IFBNz@BfATdCB~@GpB\v@d@MtAe@fAe@b@Ur@i@TK~@o@b@SlA{@^QdAIf@Kd@UVo@VgABy@Pu@NIh@gALYNUd@Sb@MfA{@NALFP@tBSf@?n@Qn@k@HAlCIhBM`ABr@Td@Cd@Gf@Md@GVKf@?PBd@?lACf@Ld@D`APf@BPFd@JpAh@t@NN]hAUh@CZ?dBJnCt@nBv@f@D`@YLw@T_CPkEG_AHg@h@@VElBZjBd@ZJrBbAfDjBVTf@l@^ZnEbE`@\~@dAzB~BtBxCnApBvAvBr@zA\d@Zl@Xn@Tx@|BxEXr@nAtEd@vAPx@lA`Eb@lAz@~Cd@jCHz@B~@Pz@Rt@L|@Px@`@tCTxBd@rDNnCH|@L~@APKNCPPt@Zl@@RE?u@}A]c@_@YCWQs@aAo@][w@{@qAmAiAm@c@Oe@Eg@WM]a@Uq@Ue@KkAEe@HkACuBNg@@c@KcEOiAJg@BDp@\d@`AlCHP^h@`@^hAxB@z@Gx@YtBe@lBKz@Lx@Pt@Dz@BlBJx@Zh@b@VTr@Fp@Qz@Gx@eAlIE~@SrBEnBUtBYl@[b@e@\]`@Uh@Kd@Qv@Kz@StC[hBKt@Iz@GzBE~@a@^kASy@BYh@i@fD]\e@Ia@SqAw@eA]s@Yg@L]^[d@GB]ScAy@cDs@y@Iy@[WGYC_JeDcCs@kBs@gBmA_EoD_@][m@_@_@gBcAqCiA_@a@e@Uc@]gB{AaAgAU]yDiDc@SeAOiAa@kAUa@WOMgA}AuA{By@kAo@wAKw@Qo@MUWs@_@aB[oBy@cDK{@@c@G{@YuBE}@SyBDw@POHO^mB?{@Dy@Nq@F_AAQUy@E_A[oB[q@Yg@iAmCYg@WM_AXo@Lu@Xg@HEKBe@Jw@d@iBD_@Lo@\c@`@W`@_@b@aAXiBJaAEaANw@RuBTu@p@eBTw@L}@BaA?{@I{@e@wCCcAGUME]FkAh@kAd@M@GKOw@Ei@Ae@BaAEaAQgASu@EsBc@@g@Le@PqBZGIM_A@}@Eg@,185.0,4.0,3488.0,Corona Run XXI: Sluggish 10km,0.0,4.0,0.0,2.0,2020-04-21T11:13:54Z,2020-04-21T12:13:54Z,52.2,52.2,0.13,0.13,(GMT+00:00) Europe/London,20.3,0.0,0.0,Run,3566722800.0,3566722800,3600.0,everyone,0
28,5.0,2.0,23312763.0,87.1,171.6,3.245,0.0,0.0,1.0,6191.5,2050.0,11.8,7.2,52.2,0.13,garmin_push_4822339720,0.0,0.0,g6474974,1.0,0.0,0.0,3337333970.0,6.0,,,,0.0,a3337333970,osq}H_qWL^DZC\L|@DLLD`@?tAk@lAYNANTPz@RfDH^Fn@A~@Hx@CfAFHf@WlAe@jADDBBr@N`A\lBF~@?j@K|@O^_@vBcAhDq@tC@z@C~@OzBSp@_@`@_@V_@^KPW|@a@rBIv@?x@Ip@y@|CmAjG]bDM~BIx@KRs@o@CG[aAs@uCe@_B]eBa@iDAU?WHEVG`@CjAQb@?hAWfAIf@?d@?LDa@pB]pB{@pDO|@K|BQvBMd@a@a@EOMy@m@}B_AyDO}@IcAe@_C@KBAhAEz@MVAxAa@f@Ef@A|@DLJIx@s@~Ck@nBc@tBYpDQnAEJI?IIMQsCcLQqAQs@SmAHI^?~@KnAE|@[lBOd@B^F@DKl@gAxEo@nDKx@MzBQdBG?QM[_@_@aBYu@y@{C[gBG{@o@kCNWn@AhAMbBMzAUb@A~@JKr@e@dBw@tDOz@S`BG|@_@bDOIMMs@cCq@iBcAcFKw@c@sB@ENEh@ChASh@EjDm@dBHLm@@YA}@@}@Ly@Pu@PgADMV]b@c@ZSVWPu@R{D?_AlAwEj@kBH{@V}AH_A?{@WcBUyBK]c@KqBz@a@Va@KOi@E_A@}@KyCO{@CoBESe@?iBXyAb@IAIOIk@Aw@CE,193.0,4.6,1908.0,Corona Run XXII: Pyramid üî∫,0.0,0.0,0.0,2.0,2020-04-22T17:11:21Z,2020-04-22T18:11:21Z,52.2,52.2,0.13,0.13,(GMT+00:00) Europe/London,6.4,0.0,0.0,Run,3566726033.0,3566726033,3600.0,everyone,0
27,0.0,2.0,23312763.0,59.4,97.8,1.425,0.0,0.0,1.0,6017.3,4230.0,11.8,7.2,52.2,0.13,garmin_push_4830396108,0.0,0.0,g6474974,1.0,0.0,0.0,3345669101.0,4.0,,,,0.0,a3345669101,g}q}Hw_WE~@Az@]Zk@GE\cAjAc@Ei@Vc@j@[r@_@`@Qn@[j@cAhAUr@[b@[H[h@Qr@]b@c@RiAJc@?Y`AUlAa@TCd@c@BgASe@ESj@W?c@U_@Ae@b@g@CmAZ[S{@Ec@B_ASa@CGF{AeBc@Aa@Oc@Wg@Z[Ka@d@c@T_@`@M?c@G}@Q_@?Wo@IBa@UWBOl@S^Ol@g@?MHYfASl@Wh@SR?DYn@_@FOHMt@W|@Bx@O`@i@l@CVQTq@IJZF~@BGL|AKz@D`@DVZf@Nn@HnATr@Jz@Xr@Zd@`@\d@Rl@?TAVFF?d@NLAbA\b@V`@Nb@Lx@J?DDR`@Ib@QLM`@OZEb@Ob@Qb@?b@Dd@A`@A`@IhAIdAAb@Dp@Wd@CHIH?d@U`@Oz@Ob@OXA`@VBtBRr@@XGfBTlF?|@Hx@C|@Dz@EfDHx@H`DFr@B@d@Cb@NZFb@Kz@Vj@H\Eb@?LCb@BTB`@PnALLCb@HbAGh@H^Rb@@fAC`@@d@Hb@Aj@JLGd@Pd@FbAAFq@A}AF{B@y@F}@FwBJw@F{@?}@Hy@AuAHmCDmBEe@DEFa@TmCJy@B}@ZoCZkAn@iDv@cCF_D\mBVq@Ju@Tk@v@a@b@[Pa@By@Fw@AwBDc@H]XwBRu@f@qAHiAp@}CD}@QsBMw@Iy@@c@IEEEa@GcAj@WHm@F_@SMYE]?a@Gg@B}@Gw@Qq@BiAMa@CoAGK_@JMAe@RUBcARQ?e@Ia@sCKSAe@J`@NJA@,118.0,3.1,4224.0,Afternoon walk,0.0,0.0,0.0,2.0,2020-04-23T16:09:21Z,2020-04-23T17:09:21Z,52.2,52.2,0.12,0.12,(GMT+00:00) Europe/London,10.3,0.0,0.0,Run,3575366161.0,3575366161,3600.0,everyone,0
26,2.0,2.0,23312763.0,86.1,171.3,3.247,0.0,0.0,1.0,5010.3,1609.0,12.5,4.6,52.2,0.13,garmin_push_4830397578,0.0,0.0,g6474974,1.0,0.0,0.0,3345670404.0,7.0,,,,0.0,a3345670404,wtq}HipWDBBH`@dCCTKPOJa@NEDsAd@w@PkAPYd@Mt@mAf@c@\[d@Qv@q@De@Jg@T_@`@e@RmB`Ae@PT\AFWP[Hi@b@oAXYTm@NYZk@Rc@HaAZw@\?DZX^d@Fb@?n@Lp@NZMn@b@pBL~@\f@EhAWD_@\k@Li@FcABMHMVwASc@Ua@FkA?R{CgAkAWKg@G_Ae@eAeA[m@i@}@WW_@W]c@C[Bi@OVa@XeA`A_FxGAOIQAK?yByCs@w@cA{AqAc@[a@i@[o@[k@gA}@a@e@[k@C[NwCHo@?QU{@IcAo@kAAcADSDaAc@O[m@a@e@Ww@Qy@K}@Y_GRw@\o@Xy@hAeCTo@Zi@pAsDZc@bAgAh@e@dAi@f@GVd@JlBNx@VzBLx@\Rd@Bf@?jALd@@b@AR@f@Kd@DlAGl@@d@LPN`AVbAp@d@`@fAv@hAl@z@r@\f@^Zf@FVu@n@aB^a@d@Cb@?h@L^D~Cd@bAJfBFxC^zBFb@H`@^b@R^YdAaAfBeB`@e@d@_@PI\d@b@vAPx@HbBNxA@hBKl@?NBt@VdALdAFdAAp@~AHAFHfAFBF@f@UPk@BSJ[I]ICGDYQ?SDO,197.0,7.3,1543.0,Corona Run XXIII: 5km loop,0.0,1.0,0.0,2.0,2020-04-24T12:32:59Z,2020-04-24T13:32:59Z,52.2,52.2,0.13,0.13,(GMT+00:00) Europe/London,7.8,0.0,0.0,Run,3575367688.0,3575367688,3600.0,everyone,0
25,4.0,1.0,23312763.0,84.2,165.5,2.888,0.0,0.0,1.0,17009.5,5898.0,20.0,10.2,52.2,0.13,garmin_push_4835456420,0.0,0.0,g6474974,1.0,0.0,0.0,3350773091.0,17.0,,,,0.0,a3350773091,woq}H}kWxBe@\t@L`BCl@FfACpBFz@\bAlASf@BhAe@b@_@vGeDtBOfA\f@RtEnEdAt@jA^|BdBnAh@|@l@rCbAlBd@hAh@jD~@~CdBjAb@fAp@^b@bAd@z@fA|A`BVJ^f@rBnBpB`A`@\pAjB`ChB|A`AdBdBbEdDlDbDfAj@pAb@nBXnFDzA[jA?hAOhAFdHEb@C^[jCmEfC{D|BoCdAeBpCgDtBkBt@sAfBsAzBiDVm@x@gAz@yA|@aAnBmBdEaCvCuCpB_B~@_A|@iAhCeEv@cB|@oAz@iAxC{CvCwBnBw@bBgAvDsDjCiBdD{CjBgDt@mBr@kCdAsCx@mB|AqC|BaD|@_A`Au@d@QlA[`@Nf@Cd@Ll@t@f@D|@zA`A`At@`AhBnAtAjAzCnA\^jAZdAj@dAv@zArBTl@DzBIvBMzAF~@Px@IvBJv@Rp@jAl@Vp@H|BN|@Rv@f@nENv@x@xCp@zCK|@@r@`DdPPd@^^j@~Ab@HzCuG^a@fBeD`AoAb@[x@aB|@aAzBmEvBeDVs@nA{An@wAhBsFNuBEy@[_@uCn@aAE_Ab@qCnDs@zAqA|DuAvBq@p@a@\iAf@aDfAy@FqBf@_@^]f@c@X[_@iAaFu@aG}@aD_@wCUm@_AcAq@aBMy@Cy@BwBJ_CC_EKu@aA{@{@iAa@_@e@S_Au@sEcB{@s@sBaA]e@[My@sA}@kAg@aAcAq@}@]kA@c@Oc@?aAt@aAjA]H{@q@{@oAeDiDe@Y_@e@c@OI?a@t@a@`@sB`AcBfA{MxFgRvFaEbAyEr@_LdAmOz@iACqBPcATkAU]e@Yo@_AcF_@Ws@Fc@b@e@RmJNaF`@mAGgAg@_@[_AeAoBiDgAm@qBJsC}@oBAaEYYi@MaE?yDJeBJyF?}CT{BDwB?aBUiAkBx@}FrDmHzDiDrAiBtAsCnAeC`BcGrCiA`AmAh@iAb@qA~@eA`@gAn@yB|@c@Oi@Fe@f@[~@a@h@}ChBgA\kAp@kApAUf@?j@IBc@Uc@TgA`AsAr@_Az@aBfAYh@[TkBpCkFnEo@`@}@z@gBlAWf@Tp@l@tDb@`Bz@xE?dA\fDJxBA^i@wG,180.0,4.9,5889.0,Corona Run XXIV: Sight-seeing around the Shelfords,0.0,1.0,0.0,2.0,2020-04-25T12:18:53Z,2020-04-25T13:18:53Z,52.2,52.2,0.12,0.12,(GMT+00:00) Europe/London,24.0,0.0,0.0,Run,3580726679.0,3580726679,3600.0,everyone,0
24,7.0,2.0,23312763.0,84.1,168.0,2.852,2.0,0.0,1.0,18015.6,6575.0,69.0,9.2,52.2,0.13,garmin_push_4841907469,0.0,0.0,g6474974,1.0,0.0,0.0,3357503724.0,18.0,,,,0.0,a3357503724,ysq}HeqWIgA@Y]uEQw@i@mAUoBWy@v@mBtA}AdAw@|A_BnAkAn@c@Zm@h@s@`@YvBaCl@YpDiClB}@h@kA^[Xc@h@OnAw@pAe@nA}@X}@lC{Ap@cAZ{AHcB@aETgCVk@VsBXqDb@qDXgGPuAZcFb@{DJkBrAeOTqDb@kERuD^mEA{@IGAS\}@L{@@cAZwB\sDBs@l@yD?_BZyEf@gFP{C^yC`@wGh@cEL{BXsC@}@`@sDd@kJAqBd@uDViD`AoGDuBH}@\kBJaDj@_FTuKRwDB{Fd@oLFyFXqF@aAMw@Kk@c@cAH{@XUh@wAB_AC{@L{BCaAH_ENmFLu@Bm@?_EPuBl@oR@}@EcALeJ^{IHyJPwDPqLP{D@{BTsBVyD?gBJkDE{BNy@D}@@aCLgDIiEHsDd@uCN{BdB{NH_CHy@`AsFTwBTu@^Uf@HtCpAvCbAr@d@nApAb@VhAd@z@p@fD|AxFfDhA\xBvAvH`ElBz@hCjBfA^bAt@pBv@pGxDzExBlGlDfAd@tDzBxFlCnFlDb@NfE`CzBdBp@PtFhCjDxBP\Y|@cAlAi@`BkA`CCXuAdEgBzDu@rAqBvFsAdCUn@m@pC_D~GqAnDu@rA_A~CmBrEMx@Yr@i@z@gBxEy@pAoGvP}@jBc@pBw@vASz@q@fBaCpEc@lB[|CaA`D}BtFYj@]\e@B_Ck@u@CEIN|@PtBCh@Fz@C`AU|@oA~CYbBAfDR|D@hAiAn[HbBJC`@VLf@}@~A?^Y|@[rGi@vHYzBe@`GPlDA`AOv@_@JSp@[`DCx@a@rF[pHy@nJYzGe@vDSdFE@Sj@[nDKvBI|GOxBo@bFg@nBWj@yAfBwA|BsAxCiAdBY\gA`@Q|BYh@}AhBw@vAcBzAaBlAa@N}@x@oClB{D|ByB~@eBnA{At@e@LiC|Ae@N_@`@kCvAuClAgBtA}CxAeBrAkCbAmC|AoBv@Cb@aAf@e@?c@n@gB`AeAx@c@TsCbAiBrAaA`Ay@Ra@Z[T_@h@c@Zc@NiBbAcA~@_B|B]j@QdAc@v@mDnCa@d@_GjE_@d@eAv@eC|Bc@V_@b@]j@Rt@z@jAJt@f@zANv@`AxCAfAD|@lCg@lAe@fAw@WuD,186.0,4.3,6317.0,Corona Run XXV: Roaming Roman Roads,0.0,2.0,0.0,2.0,2020-04-26T14:33:01Z,2020-04-26T15:33:01Z,52.2,52.2,0.13,0.13,(GMT+00:00) Europe/London,98.3,0.0,0.0,Run,3587789423.0,3587789423,3600.0,everyone,0
23,4.0,2.0,23312763.0,85.3,161.0,3.143,0.0,0.0,1.0,7396.5,2446.0,20.1,8.4,52.2,0.13,garmin_push_4850020741,0.0,0.0,g6474974,1.0,0.0,0.0,3365633618.0,11.0,,,,0.0,a3365633618,msq}HuqWKWEy@Ku@Q{BQq@e@eAKi@MU[cAWk@Sw@@KZg@b@]l@k@`@]`@c@pAiA~@_AVQrBaCzAqB~B}At@i@dByAd@WbCeBXe@Rk@~@o@rDqCfAk@`@_@`@UfAe@^U^[`@c@Ls@F}@`@gBB}@H_AGi@Pq@n@mD@eALy@ZmFV}BN{BBaA^cFReBDaA\qETgDJy@p@kHR}DR_CJsBX{BD{@`@{DMw@oA[COBMb@SRw@x@eBTm@\sBRuBB}@H}@TqBBk@RqBJwBLw@NuBX_Cb@gGl@{FJsCGe@w@Qq@aB]}AgAgAc@Ye@Os@c@a@]Wm@Q}BAcCPq@Aw@YoAYi@C_A]g@e@Ui@Mm@`@]d@GFe@FcAd@IHc@p@u@r@SLc@NUL{@z@OPKFWTqAjB]r@]j@Sp@[j@iAfBOt@Wt@Yl@e@jBu@~A_@hASt@Kz@Ox@gAnCy@vAuBlC{@tA_@`@Yh@{@fA[n@wAvB[n@OzBJr@DJGz@[l@WlCUzAUp@o@nCQ~AG|@A~B_@xD[xACz@Kz@HtAC`C@xAFl@C`A]dEC|@F|@IvAq@fD[hA[rBI|@g@rCQz@M`@YvAQxBeAnGc@~A[~Ag@lB]f@a@fBWt@Ov@Wv@CPt@j@b@PhCnBf@T`@Vd@r@hBx@f@Ff@PXT`@f@@|@G`CG~@Iz@A`AOrAMxBLfBJ^l@tA\l@Xr@Z`A?ZUn@_@Z}@lAE`@`@|B^lAb@|@P`BD~@ZpC,193.0,4.1,2353.0,Corona Run XXVI: Snakey path üêç,0.0,3.0,0.0,2.0,2020-04-28T11:24:49Z,2020-04-28T12:24:49Z,52.2,52.2,0.13,0.13,(GMT+00:00) Europe/London,19.6,0.0,0.0,Run,3596489535.0,3596489535,3600.0,everyone,0
22,0.0,2.0,23312763.0,83.6,140.5,2.904,0.0,0.0,1.0,3446.5,1269.0,16.3,11.5,52.17,0.13,garmin_push_4859034630,0.0,0.0,g6474974,1.0,0.0,0.0,3374815254.0,7.0,,,,0.0,a3374815254,qtq}HwqWBkAIkCKeAOu@Um@UcAc@q@g@eBB]z@aA^[\c@Zm@AQ_BaE[k@o@}@DeA^sBF{@V{Db@kFHkBd@Ab@Df@@f@N`@TfAt@b@PlANT?FBVG\g@Li@x@}E@cAEi@Fy@d@Ad@Pb@Z`@Tb@^V\fAf@vAdCh@Ad@LnABf@L`Aj@f@TVBC\f@L`@Zf@PTNrAjAt@`@H@TPZJRVVHXPvAl@\d@bAp@fAl@`@Xl@TfBhAjA`@hAh@d@P^^b@JhAj@h@JnCv@~@f@b@Lb@HnBn@jARdCz@xD|@f@R|Ab@LHp@rA`@Rb@QlAH`@JjCbAjAZb@P~@h@|@b@hBhAjBvAdCzB\TJDj@n@,161.0,3.9,1187.0,Corona Run XXVII: Mile challenge warm-up,0.0,0.0,0.0,2.0,2020-04-30T11:23:27Z,2020-04-30T12:23:27Z,52.2,52.2,0.13,0.13,(GMT+00:00) Europe/London,4.6,0.0,0.0,Run,3606087838.0,3606087838,3600.0,everyone,0
21,6.0,2.0,23312763.0,90.2,186.1,4.035,0.0,0.0,1.0,1723.0,432.0,15.0,12.8,52.19,0.13,garmin_push_4859035287,0.0,0.0,g6474974,1.0,0.0,0.0,3374815995.0,13.0,,,,0.0,a3374815995,qlm}HoqWk@k@_EeDiA}@y@k@aAk@iBaAwB{@qDmAs@[E?i@Hk@@OOEU[c@eCs@[GuAk@qC}@sA_@i@QiBa@iCq@i@GsA[g@We@_@g@SqA[g@Sc@k@g@UmAe@e@Mg@Y{@[iAm@i@Uk@[kAw@SK_BqA[SmAc@_@],214.0,5.8,427.0,Corona Run XXVII: Mile challenge,0.0,4.0,0.0,2.0,2020-04-30T11:46:40Z,2020-04-30T12:46:40Z,52.17,52.17,0.13,0.13,(GMT+00:00) Europe/London,2.1,0.0,0.0,Run,3606088525.0,3606088525,3600.0,everyone,0
20,0.0,2.0,23312763.0,84.9,173.9,2.892,0.0,0.0,1.0,1636.9,573.0,16.2,11.5,52.2,0.13,garmin_push_4859035900,0.0,0.0,g6474974,1.0,0.0,0.0,3374816628.0,4.0,,,,0.0,a3374816628,alp}HogYA@USYKGOOOU?a@F[ICm@GOMGi@a@UIoAA[Jg@@a@e@]o@}@kAe@Sa@Km@YiCkBC?Yj@Kb@Ij@Ah@_@tDG~@Ot@GFe@NU@g@QKIU@KFe@Kc@Sc@]e@Qc@Ik@?e@Uc@?YVC|BE`Ac@lCEz@SlB?b@Gb@?hBf@lB|AnDJVNh@AF[l@qAvAM^^|BPz@Rp@p@tC^xE,184.0,4.8,566.0,Corona Run XXVII: Mile challenge cool-down,0.0,0.0,0.0,2.0,2020-04-30T11:56:24Z,2020-04-30T12:56:24Z,52.19,52.19,0.13,0.13,(GMT+00:00) Europe/London,0.0,0.0,0.0,Run,3606089214.0,3606089214,3600.0,everyone,0
19,7.0,2.0,23312763.0,84.1,165.6,2.812,0.0,0.0,1.0,20825.1,8079.0,74.7,10.7,52.2,0.13,garmin_push_4869105763,0.0,0.0,g6474974,1.0,0.0,0.0,3385028322.0,16.0,,,,0.0,a3385028322,ysq}HmqWQk@c@sCQ_B_BqGMw@vCkDbCiB^g@bAo@dB_BpAmB~C_D~FgEd@MnDgDb@Q`Ay@|GwDl@BDOhCyB|@i@fB_AnBk@jBaApBq@|MiI~E}BlCmBjAa@lGgDlFgD\GdFkEl@q@tAeCViAXa@@{@Pw@nAo@tEeHr@yAvAoBt@gBv@gDVuBLuBG_ERqDp@cGFUNDL{@PoCN}Dl@gHH{Cf@qHRaBTgGf@sD\uDVSPy@E_CO{Bn@gFJyB`@uDXuEG[^gCB{Bb@i@BWSu@e@MCS`@sCN}KX_JDqDOeFDkAVgB|AaFJy@c@yFCwABIP?pDjAd@OrAyB~AuDrCmI|@kBjCeIlAoCt@yC~B}Fr@yApD_Jj@kBdB}D`ByE|B{FxDyJh@cBnCsFNBn@`DlA`Ev@vA`BnFJ|@v@~CVn@b@fBN~@s@xAGv@PPx@nCIp@k@v@aCpF}@nD}@nB}@Oo@u@w@dDA`ANdAo@fAm@zAy@pAc@`@u@tA_@~A@~AZf@[fAjChE`CzEb@H\f@d@hB|BlD^Zv@Nd@ZXj@dC|CjAmAz@kA~ArARhA`AuEu@xDcAdDA\p@z@fDzCjA|A~@}A^c@nA_@|AdAtA~Al@fBZ~AFz@s@rETxAi@fBsBzEKCw@`CUTmAs@MTiAdDRhCCj@`HrIlAjBhD`GxIdQ`HdLjD~G~AdCnExE`E~CbJvFbClBxAt@bAx@Lh@G~HMtBHdNY|JYr@]`@kArCs@n@MrB{BxIg@~Cm@rCg@fBo@xAeA|Eq@~Ac@fBcArCgAnC_@`@kAjBmEpEeAt@qBj@aHp@sChAcBlBc@W{FqG}BqA]z@uElCkL|E}LhEsJ`CsIvAoHp@gWrAeCC_@[Yq@g@sB]qBJu@d@Gb@P`Ax@v@pA~@jEF|@GPp@|FR`COGs@gBd@zDUY_@uAk@qAeAyAoBxCuBxEoAbB{@p@m@r@h@pHFxBAz@Mp@g@@EfAeKG_AUs@g@e@PeBuAmEsEwF_E_GoCmEgAgADa@VBzBMvFIz@Qb@QFcAE{E_Bg@G{DHa@f@yAy@_E_@kB]gBe@wEt@GMQGyCTwCGe@LqB~@uCP]U_At@oA`@_BfCa@R]h@CpB[fAw@d@cAHgCjB_Bn@iClBaCx@i@@MSKu@_@{IQaBaF`AKc@ScC,186.0,4.1,7405.0,Corona Run XXVIII: Beautiful scenic route,0.0,0.0,0.0,2.0,2020-05-02T10:52:19Z,2020-05-02T11:52:19Z,52.2,52.2,0.13,0.13,(GMT+00:00) Europe/London,122.5,0.0,0.0,Run,3616815272.0,3616815272,3600.0,everyone,0
18,4.0,1.0,23312763.0,84.6,165.7,3.084,0.0,0.0,1.0,7997.3,2640.0,13.0,5.8,52.2,0.13,garmin_push_4874178482,0.0,0.0,g6474974,1.0,0.0,0.0,3390270078.0,7.0,,,,0.0,a3390270078,ktq}HeqWD^Np@Bz@DZx@K`@Mn@KNKBM@_AScCOy@Bi@f@KTG@IAa@Kw@Sy@E{@Ou@C{CK_AMwBWq@Eu@HAY|@@Nj@`BHl@Ws@Yi@Uo@a@LaA|@{@h@a@`@gAt@iBzAc@Xa@j@UPe@TwAnAWFe@BYOUg@SMgBEmAIg@IiAGmASQGk@TKnA@f@^`DRnCHzBCX[l@OLaBpBa@X_BnBk@TI^Nz@F|@Nx@j@hBl@`DDbAHn@Fx@XjBv@`BVr@`@pAN|@Pz@f@hDTrB^|Bb@PjAKf@@VDp@Dx@P`@Zv@pAR^r@dB`@TlAOf@S`@a@RA^l@Xr@~@xC~AzGZbBHx@`@|@\XV^b@Zb@Rb@Df@Ld@B~@Rb@@^h@b@`@RLbA|@v@v@p@x@\f@p@n@HRPr@PnAp@|CRv@Vl@r@xCVt@Vl@v@vA`@`A\f@z@z@EUU[oAiCYe@SOe@SUC[k@My@aAyD_@sBg@gBO}@Uu@Qy@Co@WwBm@aH`@o@Lu@DMFEH}@J}BLm@A_AOs@g@uDYq@Sw@[i@Yq@[m@]]wB`@a@Ve@J_@MG]aAFYSIy@?g@By@HUXJ^\\xAJP^aBPmAVo@nAeA\g@XeDBy@GY]d@Un@c@VU@g@G[QmA{@aA}@gAy@gAc@kASc@MGIGy@M{@QwBE}BQyB@{@cAo@GyFQwBK{BI{@SmAk@uCSs@Gm@Uo@{@qAEC]ZiAs@Ym@OKe@Eg@AqAM}@k@c@TyCOcBS_@ImAEqBQSQ@ORo@Xm@Xw@ZgAXq@z@sC`@PRRDPJ~@P|Bd@bJPtBV|GFz@BB|@kAnAwAZi@|BgFPy@CKUKqCIkAIgC[,183.0,4.0,2593.0,Corona Run XXIX: Social distance relay (4/11),0.0,2.0,0.0,2.0,2020-05-03T10:14:16Z,2020-05-03T11:14:16Z,52.2,52.2,0.13,0.13,(GMT+00:00) Europe/London,9.3,0.0,0.0,Run,3622332979.0,3622332979,3600.0,everyone,0
17,5.0,2.0,23312763.0,85.1,166.9,3.084,0.0,0.0,1.0,8267.0,2683.0,18.2,7.2,52.2,0.13,garmin_push_4884794876,0.0,0.0,g6474974,1.0,0.0,0.0,3401370853.0,11.0,,,,0.0,a3401370853,osq}H_qW?j@FtA?d@FHF@XGn@QjAMh@Mb@EDBL`@TtAF|@Ap@Bp@Hx@G~@P~@Nf@f@Kd@Of@@d@Gf@Qh@UjBgAlA_AF?dAi@f@Or@Ex@Td@VdAZd@RVXb@RbAbAZTz@`A`B`AdAh@lAb@^Xd@P`@Vb@\`@T`@LPR^R`@Rh@FjABd@J`@Tx@R`@Tb@\l@VJHnA`@b@X`BzAh@`@jAn@LDnA|@\\Tr@T\t@j@d@Td@ZdAlAx@n@p@b@NV\b@d@PfAp@z@jAh@Tx@hAb@\d@l@pCbB`AjA`@XhAj@^Xt@v@bBbAh@Td@Jj@@b@Cb@HhAl@`@`@p@hBZh@r@zA`@^lAfCAvAYhBc@zAGz@Bz@Tx@H|@BbAA|@Bh@Nf@`A`APx@E~@o@jEGtBGl@Kb@Gx@E~BM~@C`AM|@W~@QZ_@^o@d@OT]bAc@nBKhBo@`FQzB@bAEz@SV_AQg@?g@HgAxEc@La@MkBcAuAg@g@Mc@N{ApB_@vAOPc@VeARi@C]UQw@JaAMaCO{@]c@wBUkA]mBq@kAk@qB{@uBe@c@MkBgAeAu@gB{AqA}@SWMg@QiBSq@u@uA{@oA_@c@_@[e@Gc@CkAWe@Wc@]a@c@_@k@wAkBu@wAg@mB]m@_@_@UMe@Ii@?e@La@LMHeAv@OZ_@f@_@E{@sAuBqCcAq@Qq@Kw@Uu@k@}AWy@Kw@Qy@Sy@Ys@c@uBA_AE_AO{BYuBGaAPq@Xm@Fq@Pq@Bc@Jw@?c@LuBWs@Oy@UuBw@qAs@_By@{AiANmAZa@DEa@@cAVu@Ny@Fw@T_@|@m@^_@H}@DkB^mDLy@j@iBVm@NkAn@gBHeCa@sBK{AEgAAKe@Aw@`@oA^Y@]o@G{@C_A@_AH{@EaAMQU_CUASBsAZqAPICgA_D,186.0,4.4,2681.0,Corona Run XXX: Lazy loop,0.0,0.0,0.0,2.0,2020-05-05T11:11:05Z,2020-05-05T12:11:05Z,52.2,52.2,0.13,0.13,(GMT+00:00) Europe/London,23.5,0.0,0.0,Run,3634048619.0,3634048619,3600.0,everyone,0
16,13.0,2.0,23312763.0,87.5,169.0,3.371,0.0,0.0,1.0,10011.6,3814.0,13.9,6.0,52.2,0.13,garmin_push_4889790677,0.0,0.0,g6474974,1.0,0.0,0.0,3406726898.0,10.0,,,,0.0,a3406726898,wsq}HypWJf@TdBEd@IJo@V{AZg@VIJACi@Lc@@a@JKRH|@R|D?~@Ln@`@Vd@HH~BA`AD|BF~BH`ABxACz@WhBI|@CH{@~@{BjB_@d@Wp@_@b@G|@Az@OdBIrAUrABZEl@KXc@Ze@HcCvBOb@]V?RFNDXFv@Cb@NpB@~@Kv@@~EBb@GnGF|BCbAHzAGfCS~BUr@[LgBAgFYgFy@mAEa@FOv@Ez@Kx@IxAg@`FGbDS~ACz@EZc@Jc@EyCi@c@Qe@EQ@Sn@Kv@KtBYzCC~@OxA`@x@d@V`@Db@JCz@s@`GWmBc@MW@WJU`@K^GhAMxEDj@Nd@JHXF\CLKDMVsAHq@\mFOe@g@[e@?e@XQ`@Gx@Az@OzDH`A^b@h@GROTs@ZaCH{@FcCWs@e@Se@Bc@`@Mh@OhDIvB@`@BTfCuG@iAUk@SMSCSBWPCFQt@C~CBfD@FPXTJP@VI\m@Lu@Hy@DaAFcCOu@_@e@i@Ga@RYn@CbDIvBD`AZh@RFd@GXa@Nw@^kGM_A[We@Ge@P]n@ARCdCbCuAEeAI][[QC[F[XIXG~@CdAC~B?~@Rp@PLRDN?VM^m@Ha@PeF?aAWo@a@Wc@D[VQb@GfAMdFJ~@`@f@d@C`@]Ts@TkFAcAWq@a@Y]?YNKLSx@Cp@?tAhC_B?IEcAMYYSKC_@Dc@j@I~@?hECv@@TF\LVd@Pb@SXu@Fk@RiE@w@Sy@e@[c@@WPYp@C|DGtBPz@`@Tb@I`@k@Jw@ReFAy@Yo@g@Qc@N[f@Iz@ErCnDaHViC?SGOq@Ee@Q[e@Ug@FoA`@wCHy@FaAB}@NqBL_@fF`Af@Nf@BRc@h@oDTyB?e@ViDBeCDaAHaAPq@bBRd@@h@KpCZ`EFdD\Zi@NyBNiDB_AC{@BaAAcAA}FIaAYwBF{@Cq@D_AP{@Fe@Cm@Q{@OuATu@^e@rAs@r@i@`@MR]HYLy@Ac@P}@N}AZgB@aANs@LOj@iA^c@z@oAdB{APs@JaABaAAyDF{@Ni@]eCI_AKoAA{@DQ^[hAa@Ry@?a@O}BBgEBOJSd@SNQNm@E}@g@aEEi@D?Pv@BnA,191.0,5.0,2970.0,"Corona Run XXXI: (1k on, 200m walk) x4",0.0,4.0,0.0,2.0,2020-05-06T10:26:05Z,2020-05-06T11:26:05Z,52.2,52.2,0.13,0.13,(GMT+00:00) Europe/London,13.3,0.0,0.0,Run,3639654488.0,3639654488,3600.0,everyone,0
15,6.0,2.0,23312763.0,85.4,163.4,3.057,0.0,0.0,1.0,8481.9,2815.0,18.2,7.5,52.2,0.13,garmin_push_4895116726,0.0,0.0,g6474974,1.0,0.0,0.0,3412724133.0,11.0,,,,0.0,a3412724133,gtq}HqpWLl@Bz@RdAELGFa@Rq@RMTFp@BzALzAJ`C?^AFg@dAe@FUH[r@Iz@Bz@?x@H|@B~@RtBD`A@`AG|@UnBB|@A|@y@tJYrFNv@Xp@Tt@Lz@Tj@ThAf@jBPtBRp@Vj@^\`@p@DZOz@Gx@EbCCX?ZSfAJ|AGXCxA@t@?|@Mv@C`AFnCEdAGp@G|BWrBA\E\DdCI|BM|@YnDB|@PLf@Hf@@hATd@E`ABn@IrAA|AONK@Dd@Pf@Df@@b@CJ@nAC^BZDh@X`@X^\\h@d@Z~BlAPHb@J?KVZpAl@`@ZhA\h@XlATf@P`@Xt@p@~@h@^`@`A`A~B~Ab@Pb@HjALx@LbBLd@AvASd@Mh@Db@NPTTr@Px@j@lDVj@f@TbBf@j@h@pAXd@FdAZ`@Vd@b@p@Td@DRJb@Fb@Ed@ORM\i@Xs@Vs@b@mB^Wh@GdAId@YPu@|@wBXg@Z[d@J^PvBj@b@V^^b@P^c@L]h@eD`@YH?z@\l@Bb@CPeENeBV{BP_Cb@mCRw@Zc@pBqB\gAL{@BuBG{BFq@Ty@VwBDsAH}@Gy@?}@CuAU[SMWo@C_AF_CCaA[uA@{@^_BH}@@}@J_AMy@MUSWw@mASg@]k@u@kC_@e@a@[sAm@g@Ca@Me@Ec@Ie@[c@Ic@W_@c@WOe@e@_@QaA{@c@G_@Ma@_@e@[k@u@m@g@aBeBeAi@a@YsAk@w@k@]e@_AaAc@Wa@_@a@Ya@Qa@i@_@[]k@m@c@_@_@gAk@a@k@{@y@c@]gAo@SOcAg@a@]qCsA_@YiDaAgAc@kA[sBw@g@Ic@OeBgAa@[c@a@y@c@a@[iAg@mAq@_@Y_@]Yg@_AcAs@e@a@SyBKoCpAeAr@oB~@c@Cc@Lg@FcA`@a@EI_@EaA?_AMaCO}AGaBI[o@Be@J{@Rs@Tg@ME_ASq@,184.0,4.7,2775.0,Corona Run XXXII: Hot and sweaty loop,0.0,0.0,0.0,2.0,2020-05-07T11:18:30Z,2020-05-07T12:18:30Z,52.2,52.2,0.13,0.13,(GMT+00:00) Europe/London,24.6,0.0,0.0,Run,3645605727.0,3645605727,3600.0,everyone,0
14,10.0,1.0,23312763.0,84.6,169.7,2.884,0.0,0.0,1.0,15012.6,5343.0,20.0,3.7,52.2,0.13,garmin_push_4906443506,0.0,0.0,g6474974,1.0,0.0,0.0,3424617875.0,13.0,,,,0.0,a3424617875,wsq}HirWB{Ae@gES{@i@sAq@gCWm@i@Na@Vy@~@aAv@}BnCg@CUKYU_A}AsCoFqC{Cw@_AAg@Uu@u@gAMi@IsAP_ADq@Ji@h@oBhA_FVo@dCaIH_@f@_Bb@iBtAmDR_BbAwCNu@Tq@r@kDxBiJX{Bh@mBJiAZoBH{@AE}@o@]e@yDgA_@g@c@YeA[{@_Ae@W]g@kAo@{@QgBFc@JS|@uAJgAf@c@@c@MkCoAiA[a@W}DeDeB{@gAq@]c@]aAK_A?{@C_AcCXuEVkAQc@]{DaE_Cu@{CmB_@_@iAc@eBcBuAu@_EuCUm@?_@Hy@{Bu@sAo@qCgDOw@[e@Ym@yAcEg@eBw@w@yAmCSw@MgCAw@YyCK_EMsB?_AE{@I{@Qu@S{BYyEKc@SgBWeAKy@{@qC[m@cAo@gA{@gBmAoBi@qCiAYk@OMa@@]JaAd@c@\g@De@GsAo@eA[SMyDYqBo@HJp@AFImDiAqC_Be@SgAw@gAg@kAy@G??^I`Ag@lBe@HcD_AoCgAg@GmCHyCSeDPmA[mC[sDI}@y@]c@aAcAs@}Ai@iBQOwB}Dg@IQDa@ZK?[iAGEKPEEc@mBu@uFa@oDiAkG_@g@iA_@c@Gh@Hv@Z`@`@p@lAf@nCb@xDTpDHf@p@vCn@dBNr@Vn@f@x@lAdCvAxBt@vA\b@nAfAlAVxCChBRbDl@~HbBjAb@pAXzCBv@RbAr@`@b@\j@|A|DbBtGVn@Zn@XZb@PlADjB{@`C{@nGiAd@ClAj@V\n@~AvAvFb@vDnAhGfA|Gb@pB`@vDDz@v@xHVrDJhDTpAj@dFNv@v@|Cd@~@`AzCJv@T|Bn@tN\vBBdCLbB|AtGL|@FHr@Y`AiAF@|@VbCxArBXjA^`@VZb@x@nAn@pAv@hAXNz@dAp@X\ZfC|AfAz@bBzAt@zARv@jArID`AAbAQvBE|@D~@n@lBt@bDTp@H`ADzBPvBn@`Dh@pD`AhHz@tHVd@dGl@pBYhAI^JlBfAj@PfCzBxB|Ad@l@l@RHCVWb@qBXe@hAD`CXfJb@xBVn@?NGNNTBf@d@nAZf@GhDiDlCsBXt@@\h@pCf@jBb@~DX|DFl@Rr@IAy@oF,207.0,4.1,5206.0,Corona Run XXXIII: Hangy run after virtual rugby club dinner,0.0,1.0,0.0,2.0,2020-05-09T13:08:48Z,2020-05-09T14:08:48Z,52.2,52.2,0.13,0.13,(GMT+00:00) Europe/London,25.7,0.0,0.0,Run,3658209817.0,3658209817,3600.0,everyone,0
13,1.0,2.0,23312763.0,85.0,157.2,2.977,0.0,0.0,1.0,8638.5,3008.0,28.6,6.0,52.2,0.13,garmin_push_4911655257,0.0,0.0,g6474974,1.0,0.0,0.0,3430030236.0,13.0,,,,0.0,a3430030236,msq}HgrWHfCD^?FMPoAh@i@NYJq@Ja@Nm@NONKn@BdBH~@DpBGz@OV[ZmAx@y@v@c@ZaAbAy@v@SXw@tA]f@w@~Ak@bAa@b@eC|BgAx@m@h@e@Te@HaAT_@RWHqBD{AXg@Ng@DiAk@e@Og@?c@KoAu@UEAKc@k@WGc@P_B?e@FgA\c@QOQWGe@YeAOa@X}A~BMVa@b@iA~By@zAaAjAo@|AOj@cAdAo@bA[l@]f@yAdBa@U]uA?UPYLo@Ew@VQBFQBK\Nn@CVYh@AJVdAJV@FGPe@^WL_@Vs@l@kBhDUl@o@xA]dBINg@HmAUs@Gc@BY?kB]_@?qAGq@Kg@Ci@Bc@AaAMg@Jc@CkAA{@KqBi@qB_@g@EwAYiAQuAMe@OeCMg@H{@UsCIe@@iA?g@F_@Bw@LkBHgANsAdFYrBq@nBY~AUv@EjAZgBBc@Py@\sBv@cCZkBn@iCHOhAElEWV?b@B^Ab@@nAOb@?`@Bf@Jd@?d@EhAHb@Hb@PlBRdARb@LpB\pBRnDn@h@Bb@Df@?b@Nf@DjDL~B?lAHb@Wf@GJ@d@K\@j@T`@MV]jBgF^k@Tk@^c@z@q@d@MNGjAy@PGXSxAwBZk@^i@^a@HHRv@Jz@D|BXn@Vp@Vj@BLD~@Hr@h@hBTf@RX`@ThALh@Bl@NNCf@Nd@TtBd@h@@dAm@l@}@`AWtCGlAKn@FnAAxAUjAa@b@In@_@tDu@t@S~Bu@zAk@h@Od@W`@C`@SdA{@h@Qj@Gd@O\c@Ny@@w@Ly@PyBLw@RaCt@aBZo@`@]b@U^g@^]`@m@JQP}@Dy@H}@BaAG_CG_A?aCI_A]_CAo@Xi@b@@XId@a@Jw@?_AYyDDuB`@c@dAg@By@E}@CY,175.0,4.9,2902.0,Corona Run XXXIV: Miserable.,0.0,1.0,0.0,2.0,2020-05-10T13:03:25Z,2020-05-10T14:03:25Z,52.2,52.2,0.13,0.13,(GMT+00:00) Europe/London,35.5,0.0,0.0,Run,3663919465.0,3663919465,3600.0,everyone,0
12,2.0,2.0,23312763.0,87.5,158.7,3.174,0.0,0.0,1.0,6639.7,2264.0,13.9,6.0,52.2,0.13,garmin_push_4922261985,0.0,0.0,g6474974,1.0,0.0,0.0,3441053485.0,7.0,,,,0.0,a3441053485,}rq}H}pWEDThDETMJ_@Be@H]LeE~@IL@x@VzDFnB\`@NFJCNNDJHxAXbJFz@A|@G|@]xDa@b@cAt@_BzA_@b@Wr@Yj@Mv@C`AYbD]~@CVBv@En@]b@c@`@gAh@gAt@e@RNbA?~@Fz@EtC@nAFx@K~@Ej@AxADzBE~B@~@DbA?x@K~@GbE?|@Mv@c@Lg@DiABuBC{@L{CO[G_C[y@EWBGzB[jBUjCMx@GhA]jDQrBKz@e@FYCkBe@qB]CB_@jBGRi@rDM|B@t@Th@\b@d@T`@ZBz@EhAQz@Ng@BwBKYo@Cc@YSI[Y_@Uk@Qs@K{Bw@e@UwBo@qCiA_@QCEHwCRyBhAaJr@gFHcAF{BAuBEQkACe@Eu@Ao@@OCkA[}AMCE?g@L{AD{@D{ER}DVsBRmCJa@j@iBLsBI_AUqAK{@a@oBIcCI_A?y@f@cApCaGxAuBXo@P[fBcC`@c@D@d@^XNfAt@lAG`@S^W~@YhALb@Vd@Lf@Ch@Tj@?f@JpBThADX?f@T`CHNHXORE\Qb@@p@a@d@Mb@Y^Y`AqA`@]^g@V{@zAeB^m@l@kBZ_@Tk@|@iAZOf@Bh@Gd@KDsAnAQf@SLOJw@^_@|@@f@ClAUPs@E{@IeAF{@Zi@jAK@C?KI_AKy@KeC,189.0,5.1,2092.0,Corona Run XXXV: Failed mile challenge,0.0,2.0,0.0,2.0,2020-05-12T14:52:46Z,2020-05-12T15:52:46Z,52.2,52.2,0.13,0.13,(GMT+00:00) Europe/London,11.9,0.0,0.0,Run,3675517447.0,3675517447,3600.0,everyone,0
11,4.0,1.0,23312763.0,84.9,167.0,3.076,0.0,0.0,1.0,8879.6,3031.0,18.2,7.2,52.2,0.13,garmin_push_4925208058,0.0,0.0,g6474974,1.0,0.0,0.0,3444132664.0,11.0,,,,0.0,a3444132664,mtq}HcpWVhCCZYTk@TY\C\Df@Ev@AvBBz@L`AE|@_@Zc@?Kb@AbCB|@C`ARlCBbAc@bE[xEGvBGx@?~@Gz@CxAEr@AlAGrA?J`@~AlClLXbBRt@Zf@`@`@Fz@Ix@Cp@@p@Cz@?~@QzB?~BCx@@~@IbACfC_@|HQlBQjF?|@UlBC`AQxBBL^Tf@LlARnAJd@MbARlACf@Ch@If@Cd@@bAHpBKd@?b@Hf@N`@Pb@h@^XXZb@\bAl@d@Hd@Zp@HhA\d@R^`@fDpAdBlA`CnB~AlA`Ar@b@RtA`@bBLpBDhAId@Kh@Ed@B`@JTd@h@pBl@lDVj@b@ThBf@^f@`@N~BXf@L`@\`@VfAb@`@J`@V^b@C`DEn@w@tI]jCQxBQx@Ut@m@pA}@jAeA|@{@jAa@]Qq@M_AG}@Ks@I}@k@oFE_Aa@uDYg@e@?mBV_ABmAAkAKiABe@AqBHe@EOc@A}@Gc@}AOc@ISGmAQ}Ds@gAM[e@g@KeIkA{Eo@_@Y?{@Dy@NaBLgHDc@d@u@A[GQg@t@Ti@NMb@Qj@OVk@\cIJgDE_@[SUYa@Y_AuA_@Uw@WKIYEWAqABiAHoABiAP]Le@AoAJg@@i@Dc@AiAUe@EcA[Sw@@{@RyBJkBN{B@{@LkCJ}@DmBE{@L{BPyFFuIBaAR}BDeBH}@T_GJ}@\qBhA_FNy@X{BFs@?cADs@n@mDZo@fAo@T[Rs@RoDBw@H}@TsAXoAXq@Pq@\wBN{B?_AWeFc@Fa@MSD_Bl@c@JYo@G_AAaCQmDK_AIc@iAL{Af@e@HY?M_AI{A,183.0,4.0,2887.0,Corona Run XXXVI: Exploring Grantchester,0.0,2.0,0.0,2.0,2020-05-13T11:22:55Z,2020-05-13T12:22:55Z,52.2,52.2,0.13,0.13,(GMT+00:00) Europe/London,24.2,0.0,0.0,Run,3678752504.0,3678752504,3600.0,everyone,0
10,0.0,2.0,23312763.0,85.4,141.4,3.332,0.0,0.0,1.0,2669.0,1241.0,12.1,7.8,52.2,0.11,garmin_push_4932142028,0.0,0.0,g6474974,1.0,0.0,0.0,3451529327.0,8.0,,,,0.0,a3451529327,ktq}HkrW^|@T`BJFl@UHEtAa@`@?l@KFBFLl@~CF|@NpDH~@R^b@IfAYb@D`@GDJRnCXnBEx@Kv@k@nDq@jBUv@O|@S~@AdCMxBYj@kAv@[^ALg@lBM`@UvBS`@OtAc@`BMz@YrAOhBZiCW`CGJFw@VqAFB?DQzA@DGd@QNRqBLw@F@Cf@Kz@Qj@D{@RuADCC~@Ur@OZ\gCUtC?EZ{BL[@\UlAMj@EFEG?IN_AP_ABIFE@DAp@_@fBEDBg@\wBFNOz@[hAEA?]d@eCGrCM^GKDk@\cBFAQlAU`AGFCI?I^wBDQFB@FCVQnASh@@s@VcB@zBQ`@By@RuAFID@?Dg@bCGLACJcAX}A@jBSv@EFEq@ZaB,163.0,7.4,801.0,Corona Run XXXVII: 50m sprints,0.0,0.0,0.0,2.0,2020-05-14T15:22:10Z,2020-05-14T16:22:10Z,52.2,52.2,0.13,0.13,(GMT+00:00) Europe/London,0.0,0.0,0.0,Run,3686491780.0,3686491780,3600.0,everyone,0
9,0.0,1.0,23312763.0,84.7,166.5,3.054,1.0,0.0,1.0,5008.0,1653.0,12.5,7.0,52.2,0.12,garmin_push_4967085712,0.0,0.0,g6474974,1.0,0.0,0.0,3488554519.0,7.0,,,,0.0,a3488554519,atq}HypW@PH\D`@F`B_@XOFa@DgARgAb@}@H]`@FzBBdCD|@Az@KNcA\y@^Wj@c@`@k@`@}@b@Y\a@t@IL]~@GHWR[j@{@lBm@p@aBzA{@lAe@f@aBr@a@VODc@?aATi@@e@De@Fw@BiANa@@g@FkAg@_@ImBm@a@k@ORc@Sa@e@kBPgAb@g@Je@?eAk@a@_@]g@YP{@rA{@hAu@zAUj@{@|Ai@~AUpBSl@w@p@o@I@LVr@Nx@D`ACdAD\Xn@\dAZnAXrBN`@^j@b@VpADhAb@b@Ld@Hb@Pb@@d@H\?d@Ob@UjAYnAChAUzBW|@Bb@Ed@?h@I`@MjAQf@O~Bg@lAa@jA[b@Gd@Sf@MjAa@d@KhAYb@]f@Cb@Qf@SdAs@`@a@b@O\_@NkAb@Eb@Od@EjAUp@Wp@fBB@pB]h@GLB\Gj@QxAQhA?ZCHYD_A@aADi@Lw@Nq@JI?UJ}@Za@RKbAcALw@L}BByBTu@n@mDTo@t@oDN}@FaA]qF_@_@UDg@RcBh@_@AQy@Ei@QoF?cAUsAIWmAX_@Ji@@kAP,185.0,4.4,1640.0,Corona Run XXXVIII: Running enthusiasm waning,0.0,0.0,0.0,2.0,2020-05-19T11:17:40Z,2020-05-19T12:17:40Z,52.2,52.2,0.13,0.13,(GMT+00:00) Europe/London,7.3,0.0,0.0,Run,3725446059.0,3725446059,3600.0,followers_only,0
8,0.0,1.0,23312763.0,82.4,174.2,2.928,0.0,0.0,1.0,9427.7,3470.0,20.4,7.4,52.2,0.12,garmin_push_4970280795,0.0,0.0,g6474974,1.0,0.0,0.0,3492009332.0,9.0,,,,0.0,a3492009332,csq}H_qWJnAL~@Bn@Jf@@j@C^GFqA^Ap@AnBJ~AEj@MJ?`@e@Te@BWf@@zBK`C@|ATrCB`CGp@OvD_BfRDp@^lA^~ARn@tAtGf@jBJj@t@nADz@MvDAlDKfAA|@KnB@~@CfBGxBUbFHx@OxFEz@Qx@SzB_@dDGz@\\f@LnBVf@Bf@Gp@Fl@JrB[pBMv@?jAFb@Fd@Cf@H`@Nd@Z^^r@z@`@\vGlDbCxA`@Bb@PVABId@NfA|@nDfC~@z@dAp@lA`@rBPnA@jAEd@Ev@Oh@Cf@HRNTp@t@|C\vB\f@`@R|@Zz@n@JDn@RzATd@LLDr@l@`@Rb@Jh@DBB`AlBGpCE`AIv@OtBi@tEQ|BU|AOr@Un@Wd@w@lA_A~@W`@]d@y@tASn@W`Ae@bA]j@yBfCc@\gD|Ce@f@AF~A}AfCuCXg@|@cA^e@HOTm@_AFkABqBRu@AwABsGAy@Ea@Ki@CmB@iAAiAIeBBiACk@Ie@AsEBa@QQWcC_G{A{DE{@Dk@SqBAa@MaC?yDKyDAwBK}BA}@D}@P{BByBJwBHy@?cARq@fAe@Zc@TuDH_C?{@N}BAY]a@e@W_AeAa@_@c@[e@Qe@K{AAeBLyCJoBToABkAG_Cc@[C_@_@By@R}BVqBRsBVuD@}BN{D@{BDy@DwDFwBD}@F}BJ}B@{@Aw@FyBGy@^kFV{BNw@Fy@l@gBl@yCTo@Fy@@{@J_APu@H{@Ry@^g@`@]`@c@Zo@Ny@J}@D}@`@_E^wBj@aB`@kBFy@By@G}@]aCG{@ISg@Fg@CoBf@_@WO}@?aAMuFEuBIEi@HyAXg@BeA\CC,193.0,4.0,3220.0,Corona Run XXXIX: New Grantchester loop,0.0,0.0,0.0,2.0,2020-05-21T17:16:35Z,2020-05-21T18:16:35Z,52.2,52.2,0.13,0.13,(GMT+00:00) Europe/London,23.6,0.0,0.0,Run,3729096224.0,3729096224,3600.0,followers_only,0
7,1.0,2.0,23312763.0,85.3,168.2,3.033,0.0,0.0,1.0,5006.8,1745.0,12.5,7.0,52.2,0.13,garmin_push_4986652102,0.0,0.0,g6474974,1.0,0.0,0.0,3508754837.0,6.0,,,,0.0,a3508754837,urq}HkqWV|C?NGJYVQHWD[LmARmAf@y@JQRLbDKv@C^@pAEx@]`@]Re@NiAx@SVaAv@w@t@{@fACLWp@eArA_AdB_BzAk@n@MX_AbAg@Pm@Ze@Pe@J]LiAXsBFmA@[?cASc@Ae@Ec@Wg@@e@Ea@WQAg@KQ?QG]Ac@_@i@So@^mAZe@BYHe@Ka@Y_@c@S[a@I]^m@bAaAfAaAjBs@~AUX[l@e@|Ae@f@[d@a@hAL|@@|@J|@RbAD|@Rp@Lv@\j@DVH~@Lb@Nz@^d@^^f@?b@Fd@?d@Bd@Jx@`@|@Vd@H`@X^K\g@`@Yd@E\a@rAa@r@Kd@C\BzAKr@HjAE^GlBg@bA[t@_@f@EpB_@nBy@f@Gd@Md@Y`Bg@t@o@RJb@AdAq@dBw@d@MNYL{@FIf@K`@Mn@_@z@[NIb@?NVf@dBd@IXAb@Of@K`@QXIpAIz@OnANPS?iBH_Ab@gBPoAl@{@f@W`@_@J[Lu@DmA?eBD_A^qCR}@Vq@Pu@p@mDBaA]gF?[GOE?cAh@}@j@[BMAa@]U{BG}BI}@OkDG]c@?c@De@JkAFc@LGAUm@EgB,183.0,5.0,1651.0,Corona Run XXXX: Not a ghost town anymore!,0.0,0.0,0.0,2.0,2020-05-25T11:41:00Z,2020-05-25T12:41:00Z,52.2,52.2,0.13,0.13,(GMT+00:00) Europe/London,7.3,0.0,0.0,Run,3746883695.0,3746883695,3600.0,followers_only,0
6,3.0,2.0,23312763.0,84.5,169.8,3.001,0.0,0.0,1.0,5008.1,1674.0,12.5,4.6,52.2,0.13,garmin_push_5012820243,0.0,0.0,g6474974,1.0,0.0,0.0,3536257859.0,5.0,,,,0.0,a3536257859,gtq}H_pWVd@Nh@Dj@I^IFiD~@oBr@UTPjCIn@Gx@Dn@@x@Qv@y@Te@Dc@PkAr@cA|@a@d@m@`AyArCy@pAw@z@]h@s@x@aA|@c@dAc@\w@`@wCv@g@FcABeBN_@GiBc@c@h@kAUe@[c@Mk@EgAaAq@@[HCAWDi@Mg@CQBWJc@Za@?eAs@e@Gc@Ca@^w@dAa@\_@b@Yp@]h@c@Je@S{AsB_@]e@C]a@aBg@]]]i@Cw@g@cAaAqCMmA[gBYq@YsCEw@o@qDUw@Ca@GcC?_FEyCLw@`@_Bf@gCJy@Pw@r@{BXm@|@cAVS\a@^k@f@iAzAuCpBwBr@e@XKXA^^Rr@^lB`@rDVf@XJjAHr@Ab@FZ?\Bd@GJCnAKd@Kh@HNLhAh@jBfA`@XRRhDpCfAbAVC^i@~@cC\[H?jBLd@JbKt@lEb@n@h@b@Nb@ONMj@Kf@ERQbCkCb@]`@[XDp@fBb@hBTr@Rr@Z`DJt@Bz@T~B,186.0,4.0,1669.0,Evening Run,0.0,1.0,0.0,2.0,2020-05-27T17:24:18Z,2020-05-27T18:24:18Z,52.2,52.2,0.13,0.13,(GMT+00:00) Europe/London,7.9,0.0,0.0,Run,3775810761.0,3775810761,3600.0,followers_only,
5,2.0,1.0,23312763.0,83.7,147.1,2.972,0.0,0.0,1.0,1470.9,495.0,11.1,7.5,52.2,0.1,garmin_push_5012821760,0.0,0.0,g6474974,1.0,0.0,0.0,3536259296.0,2.0,,,,0.0,a3536259296,{zq}HawVH\Fp@Px@MXAN@`@h@VFXDfBJ|@FzASrCQlAg@rJU|CSvB@d@\nA\nBz@hDd@vBj@pBNx@Rr@\h@Rp@MtBAxBCz@@~@K~@QzDAtCUfGA|@Bx@An@MzBM|@MvBQvBE~@Iz@KdB,164.0,4.2,495.0,Evening Run,0.0,0.0,0.0,2.0,2020-05-28T17:07:01Z,2020-05-28T18:07:01Z,52.2,52.2,0.12,0.12,(GMT+00:00) Europe/London,3.5,0.0,0.0,Run,3775812576.0,3775812576,3600.0,followers_only,
4,0.0,1.0,23312763.0,,,2.987,0.0,0.0,0.0,7018.8,2375.0,19.4,7.2,52.2,0.13,8602db0a-a6df-416d-aac2-f56035b55598-activity.fit,0.0,0.0,g6474974,0.0,0.0,0.0,3526727578.0,4.0,,,,0.0,a3526727578,{wq}HuuR?FLJj@LJA`@NQHBMFKDAZJT@ZN`@G|@Xl@EJKDAl@FTM~AChAKVCPBTE|@ALEJDLC\BbATLJ`@NBDBLBFRDd@b@HZ@P~@ZJHLRDBDFDL@h@Eb@?v@Gx@CfAOjB@RARBj@IfAIZGFSHMACGO\ED[JMJMPGTBn@ElACREDAJ@h@Al@@b@At@Cd@QzA@~A@FDt@C~AHdFCx@@rBDp@FFBPGv@JjAIf@DNFb@JT@L?|@EVHVNT`@jA`@t@Xv@HHTt@d@r@HPFVFLd@rAFDd@Bz@CfBFXEh@@DCb@@l@JlA?\Ep@DZDZC`AHb@LTK`@C`AHd@Jr@FdAAlAGxBF^GlAAv@Ml@BHDzAGb@Fb@CLBJJLIh@qBVu@\u@b@u@PQp@cABWb@]V_@h@i@Vk@Ro@HOLuAAIECI@?Ib@}ARyAPm@JkAFO@m@ME^cBBy@H_@Dc@Cw@TyAM_@MIE@[KMKQWSAe@FEC]_@YIO][SSGGJk@CMCQMMAIIK@EFKKe@MQW]Uu@SYQYCSKa@m@Ic@Go@Mm@Em@_@sAC[Oe@C?AFQIM@e@Qg@FULYEACm@Ho@DUAEHG?OAa@Os@BIESA_BWMMSEe@UUQa@a@_@m@AIMCe@YMCi@e@QWMKYMU[_@Oi@_@UCw@a@KCg@Y[IGF_@_@IME_@Jk@FQHaA\qBDIDSDEBi@Ni@?e@B[AQKMIAGKCB?IECOAq@]i@_@Wa@ESDs@Z{BJ[HA@EE?K[WYSGKNGE]mAMSQm@U[Yu@OWGEUm@[SUGOIMQESEEE?KOCQCY]eAEg@]y@Oo@C@SaAM_@Gi@IQIg@?IFGIQKG[i@@IAUIQCe@E_@AmACMKAKa@OsBEUEeBKYXa@RKFK?IGO?MP]AUE]PaCF]Du@EkAOYMk@?gAAWUs@IAIH@CSwAi@cAIYk@_AOEE@ED_AFEDELIBWGo@@KNCLIHGCGKEs@@_ANg@Tk@?c@f@}@VKFMf@_@^c@B_@My@Nc@NqAJa@BYAYBWJk@Te@DO@w@L{@b@{@Bm@Tc@Vu@P{A@o@C_@KYUcCGa@CGCC@MCQM[ICi@LsBx@[@CCOc@GwAE_@A{@Ea@@SGa@Dk@MyAGUBC@I@a@o@GYB,,7.0,2350.0,Evening Run,0.0,0.0,0.0,2.0,2020-05-28T17:16:40Z,2020-05-28T18:16:40Z,52.2,52.2,0.1,0.1,(GMT+00:00) Europe/London,18.6,0.0,0.0,Run,3765791648.0,3765791648,3600.0,followers_only,0
3,4.0,2.0,23312763.0,83.3,171.7,2.87,0.0,0.0,1.0,9116.7,3176.0,19.2,7.1,52.2,0.13,garmin_push_5054032453,0.0,0.0,g6474974,1.0,0.0,0.0,3578381922.0,6.0,,,,0.0,a3578381922,csq}HkpWRJDJJn@Bn@Mj@OLGZUFKF?j@FtBP|B?xBUl@c@Rg@Da@XCz@Jz@?nBE|@JxBRz@@p@Ct@[nDEvAg@tDI`Ba@p@Kp@QdCM|@Gx@Jv@x@~CfAjF^tANt@Df@RpAj@t@HRJx@IpDA|DG|@O|DEdCIvCAz@IxB?~@G|BEdDE|@a@nD]rBMrBFH`@JvB^hAD^Ab@Lf@EjAAv@K`@Mb@E~@CjAGfBEh@Ff@Nd@Zt@r@|@dAlA`@b@VjBpAjBfAtCrAb@A`@J|AdAXL~CfCdAp@`Ar@b@PhAPrADzBGjAOf@?hAFLL^pA`@jBTzAPv@\\d@PpA`@b@Z`@TlAVd@Df@LPH`@b@`@TnCv@Zd@Cz@Ix@EpCg@rFkAhJQv@Yj@]f@_@b@]d@oCbEWl@s@rB[l@C@MKSFe@A[BkACuBFqD?wADwC?oAQc@AgAFg@?iBUS?kAHqAEgABe@Ci@?_D@a@YWk@eAyCq@wAUo@q@yAUo@Cw@B_AI}@EcBMyBG{AGcGC{@E{DE{@B}@PqCHeDLuB@aAVm@hAc@POLu@L{BH{DHaCZg@b@P`@Rf@Bh@Zb@JN@d@LDKp@_GZcBH}@As@c@Me@SgAw@Kw@F}@XwBC{@]g@a@U_@[w@qA_@w@s@iAmAo@Uo@YoA[iAc@gBa@aCgAoEu@qHG}@M{@Cg@Xm@Rq@P_BL_CFy@@{@I{@I}@a@eBYo@Ka@Yq@qA{Be@Gg@Nc@DqAZU@GEAcAl@uDTo@`BmAVq@RwBD}B`@qB@c@Rs@Xq@h@eBVwBF{@B}@Iw@Qy@]uCk@Vg@Ei@FeAd@SCOqA?aAEcCUwFQOmAVsBn@o@HK{@GaA,190.0,4.0,3176.0,Evening Run,0.0,3.0,0.0,2.0,2020-06-02T17:09:02Z,2020-06-02T18:09:02Z,52.2,52.2,0.13,0.13,(GMT+00:00) Europe/London,23.9,0.0,0.0,Run,3820449307.0,3820449307,3600.0,followers_only,
2,2.0,1.0,23312763.0,85.0,171.2,3.294,0.0,0.0,1.0,5009.6,1619.0,20.7,7.4,52.2,0.13,garmin_push_5054035091,0.0,0.0,g6474974,1.0,0.0,0.0,3578384847.0,3.0,,,,0.0,a3578384847,}sq}HqpWDk@Cs@Gw@IMGqB[gAW_@Wo@SoAUg@YwAEEWQwAxAa@ToCrC]b@c@VWG_@g@sA_CiB}D}CeD]k@{@eAYk@Qu@Mw@Ey@Cy@Tw@Fe@VgARk@^{ARoAPu@lAqDPw@jAaDlAkEb@kBdAqCl@yCPk@P]f@oB\aBLy@l@iDd@gBTs@jAqIf@yB@YEKc@]c@I]@]Gy@g@M]WGs@Ia@k@c@g@c@Ie@Qe@ISIKa@e@UiAa@WWa@w@QKg@Q]Bc@LGHK\UVa@Ra@DiAh@[@i@IoAy@c@g@gAa@[UcA}@o@e@m@YeCoBcAo@a@[c@q@Qu@OYc@PO^F_@d@SJ@HJN|@\j@^\P?b@L\Fj@^nBdAb@`@`@d@f@Jb@ZfAl@^Xd@Td@^^`@\RjA?ZMd@G`AFb@J`@\lB|@TNbBfBb@Dd@Nb@Tb@d@`@Zf@Vd@DNLlAb@b@Z^l@h@l@DXEj@FX?h@CXc@pBeAxDkAzFy@fCSr@I|@Y~@Mr@Iz@DR^Vd@b@fBt@b@^bE`Cd@^Lr@PnDJlFIfA,198.0,5.6,1521.0,Lunch Run,0.0,2.0,0.0,2.0,2020-06-04T11:12:02Z,2020-06-04T12:12:02Z,52.2,52.2,0.13,0.13,(GMT+00:00) Europe/London,22.1,0.0,0.0,Run,3820452354.0,3820452354,3600.0,followers_only,
1,3.0,1.0,23312763.0,84.8,152.9,3.361,0.0,0.0,1.0,2769.1,5433.0,21.7,7.7,52.22,0.11,garmin_push_5124423797,0.0,0.0,g6474974,1.0,0.0,0.0,3650213105.0,0.0,,,,0.0,a3650213105,ysq}H_qWJt@LdB?PI^KFmA^QJmAP]CQFaAl@GPKf@?RR|D@nAGz@c@XkA^eAj@a@b@aBhA[d@Yh@s@bB_@d@cBnCsBbCeA`Aa@TcA`AOFg@FeBd@sBJc@Jc@DkADg@GsBGe@W_@Ka@Wa@_@a@We@Nc@Ye@?SBi@AmA`@g@AaAw@uAK[Oc@Xe@T_BjBwB|Dw@rB}@dBi@x@WV_AxAgApBu@jAMVe@f@a@ZgBt@_@X_@f@uA`C{@rBMb@e@|@_@NgAy@u@[[m@WcAg@{Ag@iBa@iBQgAGi@S]m@Kg@O,196.0,4.8,824.0,Afternoon Run,0.0,0.0,0.0,2.0,2020-06-09T16:09:22Z,2020-06-09T17:09:22Z,52.2,52.2,0.13,0.13,(GMT+00:00) Europe/London,13.7,0.0,0.0,Run,3896912390.0,3896912390,3600.0,followers_only,
0,0.0,1.0,23312763.0,83.6,169.0,2.818,0.0,0.0,1.0,5006.8,1925.0,12.5,6.4,52.2,0.13,garmin_push_5147627292,0.0,0.0,g6474974,1.0,0.0,0.0,3673509552.0,4.0,,,,0.0,a3673509552,isq}HwrWCj@RlBYh@oA`@e@Hc@Re@JgAJc@JCL@vBEfAHzCMp@e@TQD{Al@i@\a@`@]p@c@Xa@b@}@jAu@`B[f@Wl@UT_@h@iBjBe@XORWl@QR{@j@SHa@VaA\g@He@N_@RqBPc@?m@CcBOqA[WCg@QgAg@a@IyAIcBOaAd@}@A{@YOQOCg@Wg@N_@\a@d@aAbA[h@m@~A[h@_@d@Up@Kx@a@^a@~@c@lATxACfAEz@@b@AZl@`Bh@jBNt@F`AH^Zl@VZ`@RH@f@Ff@Cb@JP?z@^b@JhAj@d@P`@UNOd@[nAk@jAGnA[~@Ef@AzAMr@BbAOp@Ib@O`AQlDmAtD{@r@[fBc@b@UJQ`@ILDLE|@a@j@i@|B}@Na@Nu@FGfBg@lAU`@QRCFH\vAPZb@@bAQd@EhASb@AhASb@Ab@FZ@Hg@B_CRyAJa@N[J}@Zo@t@g@^[Vq@LqBHgDr@}Dn@_BRq@\uBDo@@eAE_AOwBKy@EEe@RIAe@OK@e@Nc@Te@HUk@G}@E_CI{BY_DK?kAVi@FSAg@Dc@J_@oDRO,192.0,3.8,1777.0,Afternoon Run,0.0,0.0,0.0,2.0,2020-06-25T12:06:57Z,2020-06-25T13:06:57Z,52.2,52.2,0.13,0.13,(GMT+00:00) Europe/London,5.5,0.0,0.0,Run,3922240387.0,3922240387,3600.0,followers_only,0.0
